GLATOS_ARRAY,OTN_ARRAY,STATION_NO,CONSECUTIVE_DEPLOY_NO,MOORING_DROP_DEAD_DATE,INTEND_LAT,INTEND_LONG,OTN_MISSION_ID,DEPLOY_DATE_TIME,GLATOS_DEPLOY_DATE_TIME,GLATOS_TIMEZONE,DEPLOY_LAT,DEPLOY_LONG,BOTTOM_DEPTH,RISER_LENGTH,INSTRUMENT_DEPTH,CHECWLK_COMPLETE_TIME,STATUS_IN,INS_MODEL_NO,GLATOS_INS_FREQUENCY,INS_SERIAL_NO,RCV_MODEM_ADDRESS,SYNC_DATE_TIME,MEMORY_ERASED_AT_DEPLOY,RCV_BATTERY_INSTALL_DATE,RCV_EXPECTED_BATTERY_LIFE,RCV_VOLTAGE_AT_DEPLOY,RCV_TILT_AFTER_DEPLOY,DEPLOYED_BY,COMMENTS,GLATOS_SEASONAL,GLATOS_PROJECT,GLATOS_VPS
AGR,,1,1,,,,,,2013-03-28 10:50,Eastern,44.02625,-83.67835,,,,,,VR2W,69,109458,,,,,,,,,,YES,HECWL,NO
AGR,,1,2,,,,,,2013-09-18 09:40,Eastern,44.02622,-83.67832,,,,,,VR2W,69,109459,,,,,,,,,,YES,HECWL,NO
AGR,,2,1,,,,,,2013-03-28 11:15,Eastern,44.03336,-83.69031,,,,,,VR2W,69,109459,,,,,,,,,,YES,HECWL,NO
AGR,,2,2,,,,,,2013-09-18 11:00,Eastern,44.02809,-83.68158,,,,,,VR2W,69,109458,,,,,,,,,,YES,HECWL,NO
BBI,,1,2,,,,,,2011-07-06 11:15,Eastern,45.67471,-84.41954,,,,,,VR2W,69,109969,,,,,,,,,,YES,HECWL,NO
BBI,,1,3,,,,,,2012-03-23 14:10,Eastern,45.6747,-84.41972,,,,,,VR2W,69,113223,,,,,,,,,,YES,HECWL,NO
BBI,,1,1,,,,,,2011-05-13 13:38,Eastern,45.67467,-84.41952,,,,,,VR2W,69,109874,,,,,,,,,,YES,HECWL,NO
BBI,,2,1,,,,,,2010-09-14 12:33,Eastern,45.68316,-84.41941,,,,,,VR2W,69,109492,,,,,,,,,,NO,HECWL,NO
BBI,,2,2,,,,,,2011-09-16 15:20,Eastern,45.68316,-84.41941,,,,,,VR2W,69,109499,,,,,,,,,,NO,HECWL,NO
BBI,,3,1,,,,,,2010-09-14 12:20,Eastern,45.69116,-84.41951,,,,,,VR2W,69,109908,,,,,,,,,,NO,HECWL,NO
BBI,,3,2,,,,,,2011-09-16 14:10,Eastern,45.69116,-84.41951,,,,,,VR2W,69,109906,,,,,,,,,,NO,HECWL,NO
BBI,,4,2,,,,,,2011-09-16 13:00,Eastern,45.69908,-84.41951,,,,,,VR2W,69,109882,,,,,,,,,,NO,HECWL,NO
BBI,,4,1,,,,,,2010-09-14 12:11,Eastern,45.69908,-84.41951,,,,,,VR2W,69,109985,,,,,,,,,,NO,HECWL,NO
BBI,,5,1,,,,,,2010-09-14 11:58,Eastern,45.70701,-84.41849,,,,,,VR2W,69,109493,,,,,,,,,,NO,HECWL,NO
BBI,,5,2,,,,,,2011-09-16 14:50,Eastern,45.70701,-84.41849,,,,,,VR2W,69,114482,,,,,,,,,,NO,HECWL,NO
BBI,,6,2,,,,,,2011-07-06 12:24,Eastern,45.71475,-84.41902,,,,,,VR2W,69,109887,,,,,,,,,,YES,HECWL,NO
BBI,,6,3,,,,,,2012-03-23 14:30,Eastern,45.71477,-84.41903,,,,,,VR2W,69,109919,,,,,,,,,,YES,HECWL,NO
BBI,,6,1,,,,,,2011-05-13 13:38,Eastern,45.71467,-84.41903,,,,,,VR2W,69,109881,,,,,,,,,,YES,HECWL,NO
BBW,,7,1,,,,,,2012-06-14 11:18,Eastern,45.74695,-84.64625,,,,,,VR2W,69,109959,,,,,,,,,,YES,HECWL,NO
BBW,,7,2,,,,,,2013-05-31 10:07,Eastern,45.74697,-84.64626,,,,,,VR2W,69,109899,,,,,,,,,,YES,HECWL,NO
BBW,,8,1,,,,,,2012-06-14 11:35,Eastern,45.75554,-84.63642,,,,,,VR2W,69,109884,,,,,,,,,,NO,HECWL,NO
BBW,,8,2,,,,,,2013-05-31 10:29,Eastern,45.75561,-84.63645,,,,,,VR2W,69,109875,,,,,,,,,,NO,HECWL,NO
BBW,,9,1,,,,,,2012-06-14 11:46,Eastern,45.76254,-84.62824,,,,,,VR2W,69,109873,,,,,,,,,,NO,HECWL,NO
BBW,,9,2,,,,,,2013-05-31 10:47,Eastern,45.76256,-84.62821,,,,,,VR2W,69,110011,,,,,,,,,,NO,HECWL,NO
BBW,,10,1,,,,,,2012-06-14 11:58,Eastern,45.76955,-84.62026,,,,,,VR2W,69,109964,,,,,,,,,,NO,HECWL,NO
BBW,,10,2,,,,,,2013-05-31 11:05,Eastern,45.76957,-84.62022,,,,,,VR2W,69,109903,,,,,,,,,,NO,HECWL,NO
BBW,,11,1,,,,,,2012-06-14 12:10,Eastern,45.77639,-84.61243,,,,,,VR2W,69,109944,,,,,,,,,,NO,HECWL,NO
BBW,,11,2,,,,,,2013-05-31 11:23,Eastern,45.77649,-84.61237,,,,,,VR2W,69,109502,,,,,,,,,,NO,HECWL,NO
BBW,,12,1,,,,,,2012-06-14 12:23,Eastern,45.78356,-84.60429,,,,,,VR2W,69,109979,,,,,,,,,,NO,HECWL,NO
BBW,,12,2,,,,,,2013-06-14 13:14,Eastern,45.78354,-84.60429,,,,,,VR2W,69,109923,,,,,,,,,,NO,HECWL,NO
BBW,,13,2,,,,,,2013-06-06 11:35,Eastern,45.79039,-84.59646,,,,,,VR2W,69,109958,,,,,,,,,,NO,HECWL,NO
BBW,,13,1,,,,,,2012-06-14 12:34,Eastern,45.79033,-84.59646,,,,,,VR2W,69,110010,,,,,,,,,,NO,HECWL,NO
BBW,,14,2,,,,,,2013-06-06 12:21,Eastern,45.79715,-84.58825,,,,,,VR2W,69,109507,,,,,,,,,,NO,HECWL,NO
BBW,,14,1,,,,,,2012-06-14 12:50,Eastern,45.79726,-84.58826,,,,,,VR2W,69,109435,,,,,,,,,,NO,HECWL,NO
BEI,,1,1,,,,,,2011-05-24 12:33,Eastern,42.33478,-83.009,,,,,,VR2W,69,109961,,,,,,,,,,NO,HECWL,NO
BEI,,2,1,,,,,,2011-05-24 12:16,Eastern,42.33236,-83.00603,,,,,,VR2W,69,109870,,,,,,,,,,NO,HECWL,NO
BEI,,3,1,,,,,,2011-05-24 13:46,Eastern,42.3235,-83.04928,,,,,,VR2W,69,112966,,,,,,,,,,NO,HECWL,NO
BMR,,1,1,,,,,,2012-04-19 10:18,Eastern,45.53289,-84.12079,,,,,,VR2W,69,119320,,,,,,,,,,YES,HECWL,NO
CBR,,1,1,,,,,,2012-06-14 13:30,Eastern,45.65462,-84.46568,,,,,,VR2W,69,109445,,,,,,,,,,YES,HECWL,NO
CBR,,2,1,,,,,,2012-06-14 13:50,Eastern,45.65059,-84.46936,,,,,,VR2W,69,109881,,,,,,,,,,YES,HECWL,NO
CSR,,1,1,,,,,,2013-03-28 01:40,Eastern,43.36925,-83.96717,,,,,,VR2W,69,109919,,,,,,,,,,YES,HECWL,NO
CSR,,2,1,,,,,,2013-03-28 01:30,Eastern,43.36672,-83.9629,,,,,,VR2W,69,109908,,,,,,,,,,YES,HECWL,NO
FLT,,1,1,,,,,,2013-03-29 08:00,Eastern,43.31211,-84.03192,,,,,,VR2W,69,109463,,,,,,,,,,YES,HECWL,NO
FLT,,2,1,,,,,,2013-03-29 08:20,Eastern,43.31208,-84.02746,,,,,,VR2W,69,119321,,,,,,,,,,YES,HECWL,NO
FMP,,1,3,,,,,,2013-05-06 12:15,Eastern,45.48983,-83.91049,,,,,,VR2W,69,109900,,,,,,,,,,YES,HECWL,NO
FMP,,1,1,,,,,,2010-09-15 11:48,Eastern,45.49065,-83.9105,,,,,,VR2W,69,109487,,,,,,,,,,YES,HECWL,NO
FMP,,1,2,,,,,,2012-03-19 10:31,Eastern,45.48983,-83.91048,,,,,,VR2W,69,109946,,,,,,,,,,YES,HECWL,NO
FMP,,2,2,,,,,,2011-07-07 13:14,Eastern,45.49907,-83.90582,,,,,,VR2W,69,109979,,,,,,,,,,NO,HECWL,NO
FMP,,2,3,,,,,,2012-05-23 12:38,Eastern,45.49914,-83.9059,,,,,,VR2W,69,119322,,,,,,,,,,NO,HECWL,NO
FMP,,2,4,,,,,,2013-05-06 12:55,Eastern,45.49917,-83.90592,,,,,,VR2W,69,109488,,,,,,,,,,NO,HECWL,NO
FMP,,2,1,,,,,,2010-09-15 11:39,Eastern,45.49911,-83.90592,,,,,,VR2W,69,109509,,,,,,,,,,NO,HECWL,NO
FMP,,3,2,,,,,,2011-07-07 14:20,Eastern,45.50751,-83.90127,,,,,,VR2W,69,112964,,,,,,,,,,NO,HECWL,NO
FMP,,3,3,,,,,,2012-05-23 12:04,Eastern,45.50756,-83.90137,,,,,,VR2W,69,109429,,,,,,,,,,NO,HECWL,NO
FMP,,3,4,,,,,,2013-07-30 12:53,Eastern,45.50755,-83.90133,,,,,,VR2W,69,109937,,,,,,,,,,NO,HECWL,NO
FMP,,3,1,,,,,,2010-09-15 11:30,Eastern,45.50758,-83.90125,,,,,,VR2W,69,109499,,,,,,,,,,NO,HECWL,NO
GRS,,1,1,,,,,,2011-04-21 13:33,Eastern,42.12896,-83.13953,,,,,,VR2W,69,109898,,,,,,,,,,NO,HECWL,NO
GRS,,2,1,,,,,,2011-04-21 13:54,Eastern,42.09198,-83.14936,,,,,,VR2W,69,109962,,,,,,,,,,NO,HECWL,NO
IGN,,1,1,,,,,,2012-08-21 12:05,Eastern,45.85445,-84.694,,,,,,VR2W,69,113213,,,,,,,,,,NO,HECWL,NO
IGN,,1,2,,,,,,2013-05-09 07:55,Eastern,45.85437,-84.69402,,,,,,VR2W,69,109477,,,,,,,,,,NO,HECWL,NO
IGN,,2,1,,,,,,2012-08-21 12:18,Eastern,45.85524,-84.68521,,,,,,VR2W,69,109928,,,,,,,,,,NO,HECWL,NO
IGN,,2,2,,,,,,2013-05-09 13:58,Eastern,45.85523,-84.68525,,,,,,VR2W,69,109123,,,,,,,,,,NO,HECWL,NO
IGN,,3,2,,,,,,2013-05-17 12:06,Eastern,45.85589,-84.67705,,,,,,VR2W,69,447,,,,,,,,,,NO,HECWL,NO
IGN,,3,3,,,,,,2013-06-06 14:11,Eastern,45.85588,-84.67708,,,,,,VR2W,69,447,,,,,,,,,,NO,HECWL,NO
IGN,,3,1,,,,,,2012-08-21 12:28,Eastern,45.85588,-84.677,,,,,,VR3-UWM,69,445,,,,,,,,,,NO,HECWL,NO
IGN,,4,1,,,,,,2012-08-21 12:38,Eastern,45.85686,-84.66536,,,,,,VR3-UWM,69,444,,,,,,,,,,NO,HECWL,NO
IGN,,5,2,,,,,,2013-05-17 13:00,Eastern,45.85805,-84.6572,,,,,,VR2W,69,440,,,,,,,,,,NO,HECWL,NO
IGN,,5,1,,,,,,2012-08-21 12:48,Eastern,45.85805,-84.6572,,,,,,VR3-UWM,69,439,,,,,,,,,,NO,HECWL,NO
KAK,,1,1,,,,,,2013-09-17 01:30,Eastern,43.65287,-83.89405,,,,,,VR2W,69,109462,,,,,,,,,,NO,HECWL,NO
KAK,,2,1,,,,,,2013-09-17 02:13,Eastern,43.64947,-83.9008,,,,,,VR2W,69,122447,,,,,,,,,,NO,HECWL,NO
LVD,,1,1,,,,,,2011-04-21 10:51,Eastern,42.1293,-83.12518,,,,,,VR2W,69,109937,,,,,,,,,,NO,HECWL,NO
LVD,,2,1,,,,,,2011-04-21 10:34,Eastern,42.12159,-83.12621,,,,,,VR2W,69,109938,,,,,,,,,,NO,HECWL,NO
LVU,,1,1,,,,,,2011-04-21 09:42,Eastern,42.12767,-83.11902,,,,,,VR2W,69,110001,,,,,,,,,,NO,HECWL,NO
LVU,,2,1,,,,,,2011-04-21 10:06,Eastern,42.11935,-83.11705,,,,,,VR2W,69,109976,,,,,,,,,,NO,HECWL,NO
MAU,,1,1,,,,,,2011-03-25 13:00,Eastern,41.571,-83.61712,,,,,,VR2W,69,112970,,,,,,,,,,NO,HECWL,NO
MAU,,1,2,,,,,,2011-05-09 15:45,Eastern,41.57096,-83.61724,,,,,,VR2W,69,112970,,,,,,,,,,NO,HECWL,NO
MAU,,1,3,,,,,,2012-03-14 10:10,Eastern,41.57098,-83.61776,,,,,,VR2W,69,112973,,,,,,,,,,NO,HECWL,NO
MAU,,2,3,,,,,,2012-03-14 11:25,Eastern,41.5742,-83.60716,,,,,,VR2W,69,112977,,,,,,,,,,NO,HECWL,NO
MAU,,2,2,,,,,,2011-05-03 14:30,Eastern,41.57428,-83.60693,,,,,,VR2W,69,112977,,,,,,,,,,NO,HECWL,NO
MAU,,2,1,,,,,,2011-03-25 13:30,Eastern,41.57428,-83.60693,,,,,,VR2W,69,112977,,,,,,,,,,NO,HECWL,NO
MAU,,3,1,,,,,,2011-03-25 14:00,Eastern,41.57612,-83.61071,,,,,,VR2W,69,112975,,,,,,,,,,NO,HECWL,NO
MAU,,3,2,,,,,,2011-05-03 15:30,Eastern,41.57612,-83.61071,,,,,,VR2W,69,112975,,,,,,,,,,NO,HECWL,NO
MAU,,11,1,,,,,,2012-03-14 13:13,Eastern,41.63532,-83.53083,,,,,,VR2W,69,113191,,,,,,,,,,NO,HECWL,NO
MAU,,12,1,,,,,,2012-03-14 13:45,Eastern,41.6443,-83.53426,,,,,,VR2W,69,113192,,,,,,,,,,NO,HECWL,NO
MCK,,1,1,,,,,,2012-08-21 10:37,Eastern,45.80829,-84.762,,,,,,VR2W,69,109495,,,,,,,,,,NO,HECWL,NO
MCK,,1,2,,,,,,2013-05-09 10:47,Eastern,45.79432,-84.76969,,,,,,VR2W,69,109508,,,,,,,,,,NO,HECWL,NO
MCK,,2,1,,,,,,2012-08-21 10:53,Eastern,45.8163,-84.7566,,,,,,VR2W,69,109916,,,,,,,,,,NO,HECWL,NO
MCK,,2,2,,,,,,2013-05-09 11:09,Eastern,45.8016,-84.76587,,,,,,VR2W,69,114481,,,,,,,,,,NO,HECWL,NO
MCK,,3,1,,,,,,2012-08-21 11:00,Eastern,45.80829,-84.76199,,,,,,VR2W,69,109973,,,,,,,,,,NO,HECWL,NO
MCK,,3,2,,,,,,2013-06-17 12:30,Eastern,45.80829,-84.76199,,,,,,VR2W,69,109446,,,,,,,,,,NO,HECWL,NO
MCK,,4,1,,,,,,2012-08-21 11:13,Eastern,45.83035,-84.7503,,,,,,VR3-UWM,69,441,,,,,,,,,,NO,HECWL,NO
MCK,,5,1,,,,,,2012-08-21 11:26,Eastern,45.82409,-84.7529,,,,,,VR2W,69,109629,,,,,,,,,,NO,HECWL,NO
MCK,,5,2,,,,,,2013-05-09 12:36,Eastern,45.82408,-84.75298,,,,,,VR2W,69,113216,,,,,,,,,,NO,HECWL,NO
MCK,,6,4,,,,,,2013-10-29 12:11,Eastern,45.82966,-84.75083,,,,,,VR2W,69,122446,,,,,,,,,,YES,HECWL,NO
MCK,,6,1,,,,,,2012-08-21 11:36,Eastern,45.83035,-84.75032,,,,,,VR2W,69,109906,,,,,,,,,,NO,HECWL,NO
MCK,,6,3,,,,,,2013-05-09 13:00,Eastern,45.83031,-84.75038,,,,,,VR2W,69,112961,,,,,,,,,,YES,HECWL,NO
MCK,,6,2,,,,,,2012-11-07 10:45,Eastern,45.82968,-84.75086,,,,,,VR2W,69,109906,,,,,,,,,,NO,HECWL,NO
ORM,,1,1,,,,,,2012-04-19 09:38,Eastern,45.49189,-84.07187,,,,,,VR2W,69,119328,,,,,,,,,,YES,HECWL,NO
OSC,,1,3,,,,,,2013-04-16 12:04,Eastern,44.45191,-83.3185,,,,,,VR2W,69,119325,,,,,,,,,,YES,HECWL,NO
OSC,,1,1,,,,,,2011-05-05 12:16,Eastern,44.45195,-83.31855,,,,,,VR2W,69,109993,,,,,,,,,,YES,HECWL,NO
OSC,,1,2,,,,,,2012-03-16 11:25,Eastern,44.45198,-83.31861,,,,,,VR2W,69,119332,,,,,,,,,,YES,HECWL,NO
OSC,,2,3,,,,,,2013-04-16 11:56,Eastern,44.45157,-83.30572,,,,,,VR2W,69,109425,,,,,,,,,,YES,HECWL,NO
OSC,,2,1,,,,,,2010-09-22 10:30,Eastern,44.45157,-83.30574,,,,,,VR2W,69,109411,,,,,,,,,,YES,HECWL,NO
OSC,,2,2,,,,,,2012-03-16 11:19,Eastern,44.45157,-83.30566,,,,,,VR2W,69,109481,,,,,,,,,,YES,HECWL,NO
OSC,,3,2,,,,,,2011-10-04 13:05,Eastern,44.45156,-83.29331,,,,,,VR2W,69,109454,,,,,,,,,,NO,HECWL,NO
OSC,,3,3,,,,,,2012-06-29 12:06,Eastern,44.45144,-83.29315,,,,,,VR2W,69,109910,,,,,,,,,,NO,HECWL,NO
OSC,,3,4,,,,,,2013-07-16 13:42,Eastern,44.45146,-83.29317,,,,,,VR2W,69,109487,,,,,,,,,,NO,HECWL,NO
OSC,,3,1,,,,,,2010-09-22 10:15,Eastern,44.45158,-83.29331,,,,,,VR2W,69,109418,,,,,,,,,,NO,HECWL,NO
OSC,,4,2,,,,,,2011-09-01 14:54,Eastern,44.45163,-83.28083,,,,,,VR2W,69,109928,,,,,,,,,,NO,HECWL,NO
OSC,,4,3,,,,,,2012-06-29 11:46,Eastern,44.45165,-83.28074,,,,,,VR2W,69,112963,,,,,,,,,,NO,HECWL,NO
OSC,,4,4,,,,,,2013-07-16 13:21,Eastern,44.45169,-83.28076,,,,,,VR2W,69,109475,,,,,,,,,,NO,HECWL,NO
OSC,,4,1,,,,,,2010-09-22 10:10,Eastern,44.45159,-83.2808,,,,,,VR2W,69,109457,,,,,,,,,,NO,HECWL,NO
OSC,,5,2,,,,,,2011-07-21 14:39,Eastern,44.45159,-83.26787,,,,,,VR2W,69,106785,,,,,,,,,,NO,HECWL,NO
OSC,,5,3,,,,,,2012-06-29 11:30,Eastern,44.45155,-83.26791,,,,,,VR2W,69,110016,,,,,,,,,,NO,HECWL,NO
OSC,,5,4,,,,,,2013-07-16 15:23,Eastern,44.45155,-83.26791,,,,,,VR2W,69,113217,,,,,,,,,,NO,HECWL,NO
OSC,,5,1,,,,,,2010-09-22 10:05,Eastern,44.45165,-83.26799,,,,,,VR2W,69,109421,,,,,,,,,,NO,HECWL,NO
OSC,,6,2,,,,,,2011-07-21 14:08,Eastern,44.45157,-83.25503,,,,,,VR2W,69,109871,,,,,,,,,,NO,HECWL,NO
OSC,,6,3,,,,,,2012-06-29 11:14,Eastern,44.45151,-83.25504,,,,,,VR2W,69,109509,,,,,,,,,,NO,HECWL,NO
OSC,,6,4,,,,,,2013-07-16 12:45,Eastern,44.45153,-83.255,,,,,,VR2W,69,109432,,,,,,,,,,NO,HECWL,NO
OSC,,6,1,,,,,,2010-09-22 09:55,Eastern,44.45159,-83.25502,,,,,,VR2W,69,109410,,,,,,,,,,NO,HECWL,NO
OSC,,7,2,,,,,,2011-07-21 13:43,Eastern,44.45152,-83.24257,,,,,,VR2W,69,112961,,,,,,,,,,NO,HECWL,NO
OSC,,7,3,,,,,,2012-06-29 10:59,Eastern,44.45144,-83.24263,,,,,,VR2W,69,110006,,,,,,,,,,NO,HECWL,NO
OSC,,7,4,,,,,,2013-07-16 12:33,Eastern,44.45144,-83.24263,,,,,,VR2W,69,109988,,,,,,,,,,NO,HECWL,NO
OSC,,7,1,,,,,,2010-09-22 09:50,Eastern,44.45155,-83.24261,,,,,,VR2W,69,109447,,,,,,,,,,NO,HECWL,NO
OSC,,8,2,,,,,,2011-07-21 13:20,Eastern,44.45156,-83.22998,,,,,,VR2W,69,109874,,,,,,,,,,NO,HECWL,NO
OSC,,8,3,,,,,,2012-06-29 10:37,Eastern,44.45155,-83.23,,,,,,VR2W,69,120591,,,,,,,,,,NO,HECWL,NO
OSC,,8,4,,,,,,2013-07-16 12:17,Eastern,44.45155,-83.23,,,,,,VR2W,69,113218,,,,,,,,,,NO,HECWL,NO
OSC,,8,1,,,,,,2010-09-22 09:45,Eastern,44.45155,-83.23006,,,,,,VR2W,69,109441,,,,,,,,,,NO,HECWL,NO
OSC,,9,2,,,,,,2011-07-21 12:41,Eastern,44.45145,-83.21735,,,,,,VR2W,69,109893,,,,,,,,,,NO,HECWL,NO
OSC,,9,3,,,,,,2012-06-29 10:04,Eastern,44.45143,-83.2174,,,,,,VR2W,69,120593,,,,,,,,,,NO,HECWL,NO
OSC,,9,4,,,,,,2013-07-16 12:00,Eastern,44.45143,-83.2174,,,,,,VR2W,69,109456,,,,,,,,,,NO,HECWL,NO
OSC,,9,1,,,,,,2010-09-22 09:35,Eastern,44.45146,-83.21752,,,,,,VR2W,69,109432,,,,,,,,,,NO,HECWL,NO
OSC,,10,2,,,,,,2011-07-21 11:41,Eastern,44.45145,-83.20457,,,,,,VR2W,69,109929,,,,,,,,,,NO,HECWL,NO
OSC,,10,3,,,,,,2012-06-29 09:44,Eastern,44.45151,-83.20459,,,,,,VR2W,69,120594,,,,,,,,,,NO,HECWL,NO
OSC,,10,4,,,,,,2013-07-16 14:22,Eastern,44.45151,-83.20459,,,,,,VR2W,69,109476,,,,,,,,,,NO,HECWL,NO
OSC,,10,1,,,,,,2010-09-22 09:30,Eastern,44.45147,-83.20462,,,,,,VR2W,69,109417,,,,,,,,,,NO,HECWL,NO
OSC,,11,2,,,,,,2011-09-01 14:19,Eastern,44.45155,-83.19193,,,,,,VR2W,69,109510,,,,,,,,,,NO,HECWL,NO
OSC,,11,3,,,,,,2012-06-29 09:20,Eastern,44.45144,-83.19195,,,,,,VR2W,69,120588,,,,,,,,,,NO,HECWL,NO
OSC,,11,4,,,,,,2013-07-16 11:00,Eastern,44.45149,-83.19195,,,,,,VR2W,69,109424,,,,,,,,,,NO,HECWL,NO
OSC,,11,1,,,,,,2010-09-22 09:20,Eastern,44.45151,-83.19199,,,,,,VR2W,69,109489,,,,,,,,,,NO,HECWL,NO
OSC,,12,2,,,,,,2011-07-21 10:17,Eastern,44.45171,-83.17958,,,,,,VR2W,69,109894,,,,,,,,,,NO,HECWL,NO
OSC,,12,3,,,,,,2012-06-29 08:40,Eastern,44.45172,-83.17952,,,,,,VR2W,69,120590,,,,,,,,,,NO,HECWL,NO
OSC,,12,4,,,,,,2013-07-16 10:36,Eastern,44.45172,-83.17952,,,,,,VR2W,69,109983,,,,,,,,,,NO,HECWL,NO
OSC,,12,1,,,,,,2010-09-22 09:10,Eastern,44.45154,-83.17941,,,,,,VR2W,69,109443,,,,,,,,,,NO,HECWL,NO
PRS,,1,3,,,,,,2012-07-13 09:58,Eastern,45.33385,-83.45837,,,,,,VR2W,69,114480,,,,,,,,,,NO,HECWL,NO
PRS,,1,4,,,,,,2013-07-30 09:55,Eastern,45.33385,-83.4583,,,,,,VR2W,69,106328,,,,,,,,,,NO,HECWL,NO
PRS,,1,1,,,,,,2010-09-15 13:26,Eastern,45.33385,-83.45832,,,,,,VR2W,69,109481,,,,,,,,,,NO,HECWL,NO
PRS,,1,2,,,,,,2011-10-25 14:50,Eastern,45.33385,-83.45832,,,,,,VR2W,69,109887,,,,,,,,,,NO,HECWL,NO
PRS,,2,3,,,,,,2012-07-13 09:37,Eastern,45.33986,-83.44852,,,,,,VR2W,69,109955,,,,,,,,,,NO,HECWL,NO
PRS,,2,4,,,,,,2013-07-30 10:40,Eastern,45.33984,-83.44851,,,,,,VR2W,69,109943,,,,,,,,,,NO,HECWL,NO
PRS,,2,1,,,,,,2010-09-15 13:33,Eastern,45.33988,-83.44838,,,,,,VR2W,69,109516,,,,,,,,,,NO,HECWL,NO
PRS,,2,2,,,,,,2011-10-25 14:15,Eastern,45.33988,-83.44838,,,,,,VR2W,69,109969,,,,,,,,,,NO,HECWL,NO
PRS,,3,3,,,,,,2012-07-13 09:15,Eastern,45.34603,-83.43862,,,,,,VR2W,69,109501,,,,,,,,,,NO,HECWL,NO
PRS,,3,4,,,,,,2013-07-30 11:04,Eastern,45.346,-83.4386,,,,,,VR2W,69,109124,,,,,,,,,,NO,HECWL,NO
PRS,,3,1,,,,,,2010-09-15 13:41,Eastern,45.34606,-83.43851,,,,,,VR2W,69,109477,,,,,,,,,,NO,HECWL,NO
PRS,,3,2,,,,,,2011-10-25 13:09,Eastern,45.34606,-83.43851,,,,,,VR2W,69,109502,,,,,,,,,,NO,HECWL,NO
RND,,1,1,,,,,,2012-08-21 09:41,Eastern,45.83951,-84.6177,,,,,,VR2W,69,109882,,,,,,,,,,NO,HECWL,NO
RND,,1,2,,,,,,2013-06-14 11:30,Eastern,45.83951,-84.61172,,,,,,VR2W,69,109920,,,,,,,,,,NO,HECWL,NO
RND,,2,4,,,,,,2013-10-29 12:52,Eastern,45.81731,-84.60444,,,,,,VR2W,69,122462,,,,,,,,,,YES,HECWL,NO
RND,,2,1,,,,,,2012-08-21 09:32,Eastern,45.81796,-84.59822,,,,,,VR2W,69,113225,,,,,,,,,,NO,HECWL,NO
RND,,2,3,,,,,,2013-05-31 12:45,Eastern,45.81796,-84.5983,,,,,,VR2W,69,109909,,,,,,,,,,YES,HECWL,NO
RND,,2,2,,,,,,2012-11-07 10:18,Eastern,45.81735,-84.60442,,,,,,VR2W,69,113225,,,,,,,,,,NO,HECWL,NO
SBI,,1,2,,,,,,2011-08-30 09:42,Eastern,44.17873,-83.54767,,,,,,VR2W,69,109991,,,,,,,,,,NO,HECWL,NO
SBI,,1,3,,,,,,2012-06-06 08:35,Eastern,44.17867,-83.5476,,,,,,VR2W,69,109512,,,,,,,,,,YES,HECWL,NO
SBI,,1,4,,,,,,2013-04-16 09:18,Eastern,44.17873,-83.54779,,,,,,VR2W,69,109434,,,,,,,,,,YES,HECWL,NO
SBI,,1,1,,,,,,2011-05-05 10:41,Eastern,44.17871,-83.54776,,,,,,VR2W,69,109964,,,,,,,,,,NO,HECWL,NO
SBI,,2,2,,,,,,2011-10-04 15:17,Eastern,44.17714,-83.54169,,,,,,VR2W,69,109956,,,,,,,,,,NO,HECWL,NO
SBI,,2,3,,,,,,2012-06-06 08:52,Eastern,44.17711,-83.54168,,,,,,VR2W,69,109989,,,,,,,,,,YES,HECWL,NO
SBI,,2,4,,,,,,2013-04-16 09:09,Eastern,44.17712,-83.54173,,,,,,VR2W,69,109887,,,,,,,,,,YES,HECWL,NO
SBI,,2,1,,,,,,2010-09-22 08:13,Eastern,44.17713,-83.54172,,,,,,VR2W,69,109444,,,,,,,,,,NO,HECWL,NO
SBI,,3,2,,,,,,2011-08-30 11:01,Eastern,44.17255,-83.5309,,,,,,VR2W,69,109999,,,,,,,,,,NO,HECWL,NO
SBI,,3,3,,,,,,2012-06-06 09:10,Eastern,44.17257,-83.53092,,,,,,VR2W,69,109868,,,,,,,,,,NO,HECWL,NO
SBI,,3,4,,,,,,2013-06-24 11:42,Eastern,44.17257,-83.53085,,,,,,VR2W,69,110009,,,,,,,,,,NO,HECWL,NO
SBI,,3,1,,,,,,2010-09-22 08:20,Eastern,44.17254,-83.53088,,,,,,VR2W,69,109439,,,,,,,,,,NO,HECWL,NO
SBI,,4,3,,,,,,2011-07-12 16:09,Eastern,44.16796,-83.5201,,,,,,VR2W,69,109963,,,,,,,,,,NO,HECWL,NO
SBI,,4,4,,,,,,2012-06-06 09:40,Eastern,44.16794,-83.52011,,,,,,VR2W,69,109987,,,,,,,,,,NO,HECWL,NO
SBI,,4,5,,,,,,2013-06-24 12:01,Eastern,44.16805,-83.52005,,,,,,VR2W,69,109453,,,,,,,,,,NO,HECWL,NO
SBI,,4,2,,,,,,2010-11-16 15:10,Eastern,44.16791,-83.52012,,,,,,VR2W,69,109424,,,,,,,,,,NO,HECWL,NO
SBI,,4,1,,,,,,2010-09-22 08:26,Eastern,44.16792,-83.52018,,,,,,VR2W,69,109424,,,,,,,,,,NO,HECWL,NO
SBI,,5,2,,,,,,2011-08-30 11:40,Eastern,44.16338,-83.50938,,,,,,VR2W,69,109952,,,,,,,,,,NO,HECWL,NO
SBI,,5,3,,,,,,2012-06-06 10:00,Eastern,44.16337,-83.50927,,,,,,VR2W,69,112971,,,,,,,,,,NO,HECWL,NO
SBI,,5,4,,,,,,2013-06-24 12:17,Eastern,44.16338,-83.50917,,,,,,VR2W,69,109904,,,,,,,,,,NO,HECWL,NO
SBI,,5,1,,,,,,2010-09-22 08:31,Eastern,44.16338,-83.50944,,,,,,VR2W,69,109425,,,,,,,,,,NO,HECWL,NO
SBI,,6,2,,,,,,2011-08-30 12:25,Eastern,44.15888,-83.49875,,,,,,VR2W,69,109422,,,,,,,,,,NO,HECWL,NO
SBI,,6,3,,,,,,2012-06-06 10:27,Eastern,44.15888,-83.49877,,,,,,VR2W,69,109891,,,,,,,,,,NO,HECWL,NO
SBI,,6,4,,,,,,2013-06-28 09:13,Eastern,44.15886,-83.49881,,,,,,VR2W,69,109406,,,,,,,,,,NO,HECWL,NO
SBI,,6,1,,,,,,2010-09-20 16:25,Eastern,44.1589,-83.49872,,,,,,VR2W,69,109440,,,,,,,,,,NO,HECWL,NO
SBI,,7,2,,,,,,2011-07-14 10:10,Eastern,44.15439,-83.48788,,,,,,VR2W,69,112962,,,,,,,,,,NO,HECWL,NO
SBI,,7,3,,,,,,2012-06-06 10:58,Eastern,44.15439,-83.48782,,,,,,VR2W,69,109949,,,,,,,,,,NO,HECWL,NO
SBI,,7,4,,,,,,2013-06-28 09:30,Eastern,44.15435,-83.48789,,,,,,VR2W,69,106784,,,,,,,,,,NO,HECWL,NO
SBI,,7,1,,,,,,2010-09-20 14:36,Eastern,44.15433,-83.48784,,,,,,VR2W,69,109506,,,,,,,,,,NO,HECWL,NO
SBI,,8,2,,,,,,2011-07-14 10:35,Eastern,44.14976,-83.47706,,,,,,VR2W,69,112968,,,,,,,,,,NO,HECWL,NO
SBI,,8,3,,,,,,2012-06-06 12:13,Eastern,44.14975,-83.47694,,,,,,VR2W,69,112976,,,,,,,,,,NO,HECWL,NO
SBI,,8,4,,,,,,2013-07-08 12:21,Eastern,44.14974,-83.47688,,,,,,VR2W,69,110010,,,,,,,,,,NO,HECWL,NO
SBI,,8,1,,,,,,2010-09-20 14:45,Eastern,44.14976,-83.4771,,,,,,VR2W,69,109460,,,,,,,,,,NO,HECWL,NO
SBI,,9,2,,,,,,2011-07-14 11:00,Eastern,44.14521,-83.4663,,,,,,VR2W,69,110013,,,,,,,,,,NO,HECWL,NO
SBI,,9,3,,,,,,2012-06-06 12:32,Eastern,44.14524,-83.46626,,,,,,VR2W,69,109948,,,,,,,,,,NO,HECWL,NO
SBI,,9,4,,,,,,2013-07-08 12:39,Eastern,44.14522,-83.46616,,,,,,VR2W,69,109494,,,,,,,,,,NO,HECWL,NO
SBI,,9,1,,,,,,2010-09-20 14:50,Eastern,44.14518,-83.46636,,,,,,VR2W,69,106323,,,,,,,,,,NO,HECWL,NO
SBI,,10,2,,,,,,2011-07-14 11:29,Eastern,44.14067,-83.45549,,,,,,VR2W,69,112959,,,,,,,,,,NO,HECWL,NO
SBI,,10,3,,,,,,2012-06-06 12:49,Eastern,44.14066,-83.45551,,,,,,VR2W,69,110002,,,,,,,,,,NO,HECWL,NO
SBI,,10,4,,,,,,2013-07-09 08:45,Eastern,44.14059,-83.45547,,,,,,VR2W,69,120596,,,,,,,,,,NO,HECWL,NO
SBI,,10,1,,,,,,2010-09-20 14:57,Eastern,44.14067,-83.45554,,,,,,VR2W,69,109513,,,,,,,,,,NO,HECWL,NO
SBI,,11,2,,,,,,2011-07-14 11:53,Eastern,44.13614,-83.4448,,,,,,VR2W,69,109465,,,,,,,,,,NO,HECWL,NO
SBI,,11,3,,,,,,2012-06-06 13:07,Eastern,44.13613,-83.44487,,,,,,VR2W,69,109950,,,,,,,,,,NO,HECWL,NO
SBI,,11,4,,,,,,2013-07-09 08:57,Eastern,44.13609,-83.44491,,,,,,VR2W,69,109929,,,,,,,,,,NO,HECWL,NO
SBI,,11,1,,,,,,2010-09-20 15:03,Eastern,44.13609,-83.44477,,,,,,VR2W,69,109476,,,,,,,,,,NO,HECWL,NO
SBI,,12,2,,,,,,2011-07-14 12:11,Eastern,44.1315,-83.434,,,,,,VR2W,69,113232,,,,,,,,,,NO,HECWL,NO
SBI,,12,3,,,,,,2012-06-06 13:27,Eastern,44.13149,-83.43403,,,,,,VR2W,69,106328,,,,,,,,,,NO,HECWL,NO
SBI,,12,4,,,,,,2013-07-09 09:08,Eastern,44.13145,-83.434,,,,,,VR2W,69,119328,,,,,,,,,,NO,HECWL,NO
SBI,,12,1,,,,,,2010-09-20 15:10,Eastern,44.1315,-83.434,,,,,,VR2W,69,109488,,,,,,,,,,NO,HECWL,NO
SBI,,13,2,,,,,,2011-07-14 12:28,Eastern,44.12696,-83.42327,,,,,,VR2W,69,112960,,,,,,,,,,NO,HECWL,NO
SBI,,13,3,,,,,,2012-06-06 13:47,Eastern,44.12695,-83.42327,,,,,,VR2W,69,109872,,,,,,,,,,NO,HECWL,NO
SBI,,13,4,,,,,,2013-07-09 09:19,Eastern,44.12688,-83.42319,,,,,,VR2W,69,109435,,,,,,,,,,NO,HECWL,NO
SBI,,13,1,,,,,,2010-09-20 15:15,Eastern,44.12693,-83.4232,,,,,,VR2W,69,109462,,,,,,,,,,NO,HECWL,NO
SBI,,14,2,,,,,,2011-07-14 13:06,Eastern,44.12245,-83.41246,,,,,,VR2W,69,112965,,,,,,,,,,NO,HECWL,NO
SBI,,14,3,,,,,,2012-06-06 14:08,Eastern,44.12241,-83.41245,,,,,,VR2W,69,109967,,,,,,,,,,NO,HECWL,NO
SBI,,14,4,,,,,,2013-07-09 09:27,Eastern,44.12241,-83.41246,,,,,,VR2W,69,109965,,,,,,,,,,NO,HECWL,NO
SBI,,14,1,,,,,,2010-09-20 15:20,Eastern,44.12246,-83.41243,,,,,,VR2W,69,109467,,,,,,,,,,NO,HECWL,NO
SBI,,15,2,,,,,,2011-07-14 13:30,Eastern,44.11783,-83.40171,,,,,,VR2W,69,109912,,,,,,,,,,NO,HECWL,NO
SBI,,15,3,,,,,,2012-06-06 14:25,Eastern,44.11781,-83.40174,,,,,,VR2W,69,112972,,,,,,,,,,NO,HECWL,NO
SBI,,15,4,,,,,,2013-07-09 09:37,Eastern,44.11779,-83.40166,,,,,,VR2W,69,109986,,,,,,,,,,NO,HECWL,NO
SBI,,15,1,,,,,,2010-09-20 15:25,Eastern,44.11783,-83.40165,,,,,,VR2W,69,109407,,,,,,,,,,NO,HECWL,NO
SBI,,16,2,,,,,,2011-08-30 13:23,Eastern,44.11324,-83.3907,,,,,,VR2W,69,109436,,,,,,,,,,NO,HECWL,NO
SBI,,16,3,,,,,,2012-06-06 14:43,Eastern,44.11329,-83.39079,,,,,,VR2W,69,109998,,,,,,,,,,NO,HECWL,NO
SBI,,16,4,,,,,,2013-07-09 09:46,Eastern,44.1133,-83.39074,,,,,,VR2W,69,114483,,,,,,,,,,NO,HECWL,NO
SBI,,16,1,,,,,,2010-09-20 15:30,Eastern,44.11323,-83.39078,,,,,,VR2W,69,109494,,,,,,,,,,NO,HECWL,NO
SBI,,17,2,,,,,,2011-08-31 09:36,Eastern,44.10875,-83.38007,,,,,,VR2W,69,114483,,,,,,,,,,NO,HECWL,NO
SBI,,17,3,,,,,,2012-06-07 10:33,Eastern,44.10875,-83.38007,,,,,,VR2W,69,112968,,,,,,,,,,NO,HECWL,NO
SBI,,17,4,,,,,,2013-07-09 10:04,Eastern,44.10873,-83.38004,,,,,,VR2W,69,109884,,,,,,,,,,NO,HECWL,NO
SBI,,17,1,,,,,,2010-09-20 15:35,Eastern,44.10872,-83.38012,,,,,,VR2W,69,109126,,,,,,,,,,NO,HECWL,NO
SBI,,18,2,,,,,,2011-07-14 15:06,Eastern,44.10418,-83.36924,,,,,,VR2W,69,110010,,,,,,,,,,NO,HECWL,NO
SBI,,18,3,,,,,,2012-06-07 10:52,Eastern,44.10408,-83.36923,,,,,,VR2W,69,109963,,,,,,,,,,NO,HECWL,NO
SBI,,18,4,,,,,,2013-07-09 10:13,Eastern,44.10411,-83.36926,,,,,,VR2W,69,109877,,,,,,,,,,NO,HECWL,NO
SBI,,18,1,,,,,,2010-09-20 15:42,Eastern,44.10415,-83.36927,,,,,,VR2W,69,109515,,,,,,,,,,NO,HECWL,NO
SBI,,19,2,,,,,,2011-07-19 12:04,Eastern,44.09965,-83.35867,,,,,,VR2W,69,109959,,,,,,,,,,NO,HECWL,NO
SBI,,19,3,,,,,,2012-06-07 11:06,Eastern,44.09961,-83.35869,,,,,,VR2W,69,109465,,,,,,,,,,NO,HECWL,NO
SBI,,19,4,,,,,,2013-07-09 10:24,Eastern,44.09964,-83.35866,,,,,,VR2W,69,109489,,,,,,,,,,NO,HECWL,NO
SBI,,19,1,,,,,,2010-09-20 14:09,Eastern,44.09963,-83.35863,,,,,,VR2W,69,109474,,,,,,,,,,NO,HECWL,NO
SBI,,20,2,,,,,,2011-08-31 10:09,Eastern,44.09216,-83.35196,,,,,,VR2W,69,109964,,,,,,,,,,NO,HECWL,NO
SBI,,20,3,,,,,,2012-06-07 11:29,Eastern,44.09214,-83.35204,,,,,,VR2W,69,109991,,,,,,,,,,NO,HECWL,NO
SBI,,20,4,,,,,,2013-07-09 10:35,Eastern,44.09213,-83.35202,,,,,,VR2W,69,109974,,,,,,,,,,NO,HECWL,NO
SBI,,20,1,,,,,,2010-09-20 14:16,Eastern,44.0921,-83.35192,,,,,,VR2W,69,109504,,,,,,,,,,NO,HECWL,NO
SBI,,21,2,,,,,,2011-08-31 10:41,Eastern,44.08473,-83.34492,,,,,,VR2W,69,109425,,,,,,,,,,NO,HECWL,NO
SBI,,21,3,,,,,,2012-06-07 11:44,Eastern,44.08478,-83.34489,,,,,,VR2W,69,109952,,,,,,,,,,NO,HECWL,NO
SBI,,21,4,,,,,,2013-07-09 10:45,Eastern,44.08482,-83.34483,,,,,,VR2W,69,119329,,,,,,,,,,NO,HECWL,NO
SBI,,21,1,,,,,,2010-09-20 14:25,Eastern,44.08469,-83.34489,,,,,,VR2W,69,109510,,,,,,,,,,NO,HECWL,NO
SBI,,22,2,,,,,,2011-10-04 15:50,Eastern,44.07725,-83.33781,,,,,,VR2W,69,110016,,,,,,,,,,NO,HECWL,NO
SBI,,22,3,,,,,,2012-06-07 11:59,Eastern,44.07718,-83.33787,,,,,,VR2W,69,109436,,,,,,,,,,NO,HECWL,NO
SBI,,22,4,,,,,,2013-07-09 10:55,Eastern,44.07723,-83.33778,,,,,,VR2W,69,119323,,,,,,,,,,NO,HECWL,NO
SBI,,22,1,,,,,,2010-09-20 14:32,Eastern,44.07715,-83.33784,,,,,,VR2W,69,109497,,,,,,,,,,NO,HECWL,NO
SBI,,23,2,,,,,,2011-08-31 12:13,Eastern,44.06965,-83.331,,,,,,VR2W,69,110003,,,,,,,,,,NO,HECWL,NO
SBI,,23,3,,,,,,2012-06-07 12:15,Eastern,44.06963,-83.33103,,,,,,VR2W,69,109956,,,,,,,,,,NO,HECWL,NO
SBI,,23,4,,,,,,2013-07-09 11:05,Eastern,44.06963,-83.33101,,,,,,VR2W,69,109973,,,,,,,,,,NO,HECWL,NO
SBI,,23,1,,,,,,2010-09-20 14:39,Eastern,44.06965,-83.33105,,,,,,VR2W,69,109928,,,,,,,,,,NO,HECWL,NO
SBI,,24,2,,,,,,2011-08-31 12:47,Eastern,44.06203,-83.32402,,,,,,VR2W,69,109445,,,,,,,,,,NO,HECWL,NO
SBI,,24,3,,,,,,2012-06-07 12:28,Eastern,44.06202,-83.32412,,,,,,VR2W,69,109912,,,,,,,,,,NO,HECWL,NO
SBI,,24,4,,,,,,2013-07-09 11:15,Eastern,44.06202,-83.32405,,,,,,VR2W,69,109879,,,,,,,,,,NO,HECWL,NO
SBI,,24,1,,,,,,2010-09-20 14:45,Eastern,44.06202,-83.32402,,,,,,VR2W,69,109986,,,,,,,,,,NO,HECWL,NO
SBI,,25,2,,,,,,2011-07-22 08:44,Eastern,44.05466,-83.31695,,,,,,VR2W,69,109873,,,,,,,,,,NO,HECWL,NO
SBI,,25,3,,,,,,2012-06-07 12:45,Eastern,44.05464,-83.317,,,,,,VR2W,69,112962,,,,,,,,,,NO,HECWL,NO
SBI,,25,4,,,,,,2013-07-09 11:28,Eastern,44.05462,-83.31698,,,,,,VR2W,69,109460,,,,,,,,,,NO,HECWL,NO
SBI,,25,1,,,,,,2010-09-20 14:51,Eastern,44.05467,-83.31693,,,,,,VR2W,69,109427,,,,,,,,,,NO,HECWL,NO
SBI,,26,2,,,,,,2011-07-22 09:17,Eastern,44.04726,-83.3101,,,,,,VR2W,69,109944,,,,,,,,,,NO,HECWL,NO
SBI,,26,3,,,,,,2012-06-07 13:06,Eastern,44.04723,-83.31014,,,,,,VR2W,69,113232,,,,,,,,,,NO,HECWL,NO
SBI,,26,4,,,,,,2013-07-09 11:38,Eastern,44.0472,-83.31012,,,,,,VR2W,69,109449,,,,,,,,,,NO,HECWL,NO
SBI,,26,1,,,,,,2010-09-20 14:56,Eastern,44.0472,-83.31007,,,,,,VR2W,69,109469,,,,,,,,,,NO,HECWL,NO
SBI,,27,2,,,,,,2011-08-31 13:30,Eastern,44.03981,-83.30289,,,,,,VR2W,69,114480,,,,,,,,,,NO,HECWL,NO
SBI,,27,3,,,,,,2012-06-07 13:21,Eastern,44.03976,-83.30289,,,,,,VR2W,69,112960,,,,,,,,,,NO,HECWL,NO
SBI,,27,4,,,,,,2013-07-09 11:48,Eastern,44.03975,-83.30285,,,,,,VR2W,69,120589,,,,,,,,,,NO,HECWL,NO
SBI,,27,1,,,,,,2010-09-20 15:01,Eastern,44.03978,-83.30296,,,,,,VR2W,69,109442,,,,,,,,,,NO,HECWL,NO
SBI,,28,2,,,,,,2011-07-22 09:56,Eastern,44.03231,-83.29608,,,,,,VR2W,69,112978,,,,,,,,,,NO,HECWL,NO
SBI,,28,3,,,,,,2012-06-07 13:38,Eastern,44.03231,-83.29613,,,,,,VR2W,69,112965,,,,,,,,,,NO,HECWL,NO
SBI,,28,4,,,,,,2013-07-09 11:58,Eastern,44.0323,-83.29605,,,,,,VR2W,69,113209,,,,,,,,,,NO,HECWL,NO
SBI,,28,1,,,,,,2010-09-20 15:06,Eastern,44.03228,-83.29612,,,,,,VR2W,69,109468,,,,,,,,,,NO,HECWL,NO
SBI,,29,2,,,,,,2011-07-22 10:24,Eastern,44.02485,-83.28915,,,,,,VR2W,69,109881,,,,,,,,,,NO,HECWL,NO
SBI,,29,3,,,,,,2012-06-07 14:01,Eastern,44.02485,-83.28907,,,,,,VR2W,69,110013,,,,,,,,,,NO,HECWL,NO
SBI,,29,4,,,,,,2013-07-17 11:22,Eastern,44.02485,-83.28907,,,,,,VR2W,69,109473,,,,,,,,,,NO,HECWL,NO
SBI,,29,1,,,,,,2010-09-20 15:12,Eastern,44.02479,-83.28914,,,,,,VR2W,69,109437,,,,,,,,,,NO,HECWL,NO
SBI,,30,2,,,,,,2011-08-31 14:02,Eastern,44.01737,-83.28197,,,,,,VR2W,69,109449,,,,,,,,,,NO,HECWL,NO
SBI,,30,3,,,,,,2012-06-07 14:19,Eastern,44.01734,-83.28196,,,,,,VR2W,69,109999,,,,,,,,,,NO,HECWL,NO
SBI,,30,4,,,,,,2013-07-09 12:29,Eastern,44.01735,-83.28188,,,,,,VR2W,69,119327,,,,,,,,,,NO,HECWL,NO
SBI,,30,1,,,,,,2010-09-20 15:18,Eastern,44.01734,-83.28199,,,,,,VR2W,69,109484,,,,,,,,,,NO,HECWL,NO
SBI,,31,2,,,,,,2011-07-22 11:07,Eastern,44.00985,-83.27504,,,,,,VR2W,69,109480,,,,,,,,,,NO,HECWL,NO
SBI,,31,3,,,,,,2012-06-07 14:40,Eastern,44.00993,-83.27495,,,,,,VR2W,69,112959,,,,,,,,,,NO,HECWL,NO
SBI,,31,4,,,,,,2013-07-09 12:42,Eastern,44.00993,-83.27486,,,,,,VR2W,69,109880,,,,,,,,,,NO,HECWL,NO
SBI,,31,1,,,,,,2010-09-20 15:26,Eastern,44.00983,-83.27503,,,,,,VR2W,69,109505,,,,,,,,,,NO,HECWL,NO
SBI,,32,2,,,,,,2011-07-22 11:32,Eastern,44.00235,-83.268,,,,,,VR2W,69,109485,,,,,,,,,,NO,HECWL,NO
SBI,,32,3,,,,,,2012-06-07 15:01,Eastern,44.00234,-83.26799,,,,,,VR2W,69,109422,,,,,,,,,,NO,HECWL,NO
SBI,,32,4,,,,,,2013-07-09 12:55,Eastern,44.00232,-83.26794,,,,,,VR2W,69,109873,,,,,,,,,,NO,HECWL,NO
SBI,,32,1,,,,,,2010-09-20 15:30,Eastern,44.00227,-83.26808,,,,,,VR2W,69,109920,,,,,,,,,,NO,HECWL,NO
SBI,,33,2,,,,,,2011-07-22 12:04,Eastern,43.99502,-83.26095,,,,,,VR2W,69,109509,,,,,,,,,,NO,HECWL,NO
SBI,,33,3,,,,,,2012-06-07 15:22,Eastern,43.99503,-83.26103,,,,,,VR2W,69,109485,,,,,,,,,,NO,HECWL,NO
SBI,,33,4,,,,,,2012-06-07 16:29,Eastern,43.99503,-83.26103,,,,,,VR2W,69,109977,,,,,,,,,,NO,HECWL,NO
SBI,,33,5,,,,,,2013-07-09 13:06,Eastern,43.99506,-83.26095,,,,,,VR2W,69,119320,,,,,,,,,,NO,HECWL,NO
SBI,,33,1,,,,,,2010-09-20 15:35,Eastern,43.9949,-83.26111,,,,,,VR2W,69,109490,,,,,,,,,,NO,HECWL,NO
SBI,,34,2,,,,,,2011-08-31 14:43,Eastern,43.9874,-83.254,,,,,,VR2W,69,113222,,,,,,,,,,NO,HECWL,NO
SBI,,34,3,,,,,,2012-06-28 15:53,Eastern,43.98738,-83.25399,,,,,,VR2W,69,109425,,,,,,,,,,YES,HECWL,NO
SBI,,34,4,,,,,,2013-04-16 10:06,Eastern,43.98737,-83.25376,,,,,,VR2W,69,109992,,,,,,,,,,YES,HECWL,NO
SBI,,34,1,,,,,,2010-09-20 15:42,Eastern,43.98744,-83.25395,,,,,,VR2W,69,109517,,,,,,,,,,NO,HECWL,NO
SBI,,35,2,,,,,,2011-08-31 15:21,Eastern,43.97997,-83.24703,,,,,,VR2W,69,109884,,,,,,,,,,NO,HECWL,NO
SBI,,35,3,,,,,,2012-06-07 16:10,Eastern,43.98004,-83.24703,,,,,,VR2W,69,119325,,,,,,,,,,YES,HECWL,NO
SBI,,35,4,,,,,,2013-04-16 10:13,Eastern,43.97997,-83.24697,,,,,,VR2W,69,109990,,,,,,,,,,YES,HECWL,NO
SBI,,35,1,,,,,,2011-05-05 09:53,Eastern,43.97998,-83.24702,,,,,,VR2W,69,109956,,,,,,,,,,NO,HECWL,NO
SBO,,1,2,,,,,,2011-07-12 10:45,Eastern,44.24644,-83.44582,,,,,,VR2W,69,109998,,,,,,,,,,NO,HECWL,NO
SBO,,1,4,,,,,,2013-04-16 12:46,Eastern,44.24651,-83.44588,,,,,,VR2W,69,109871,,,,,,,,,,YES,HECWL,NO
SBO,,1,1,,,,,,2010-09-20 12:11,Eastern,44.24647,-83.44589,,,,,,VR2W,69,109431,,,,,,,,,,NO,HECWL,NO
SBO,,1,3,,,,,,2012-06-04 14:42,Eastern,44.24643,-83.44582,,,,,,VR2W,69,119321,,,,,,,,,,YES,HECWL,NO
SBO,,2,2,,,,,,2011-07-12 11:28,Eastern,44.2418,-83.43513,,,,,,VR2W,69,109967,,,,,,,,,,NO,HECWL,NO
SBO,,2,3,,,,,,2012-06-05 08:20,Eastern,44.24179,-83.43507,,,,,,VR2W,69,119318,,,,,,,,,,NO,HECWL,NO
SBO,,2,1,,,,,,2010-09-20 12:18,Eastern,44.24176,-83.43524,,,,,,VR2W,69,109446,,,,,,,,,,NO,HECWL,NO
SBO,,2,4,,,,,,2013-07-10 10:35,Eastern,44.24179,-83.43507,,,,,,VR2W,69,113225,,,,,,,,,,NO,HECWL,NO
SBO,,3,2,,,,,,2011-07-12 11:49,Eastern,44.23708,-83.42447,,,,,,VR2W,69,109949,,,,,,,,,,NO,HECWL,NO
SBO,,3,3,,,,,,2012-06-05 09:00,Eastern,44.23707,-83.4245,,,,,,VR2W,69,112964,,,,,,,,,,NO,HECWL,NO
SBO,,3,4,,,,,,2013-06-26 08:42,Eastern,44.2371,-83.42455,,,,,,VR2W,69,109471,,,,,,,,,,NO,HECWL,NO
SBO,,3,1,,,,,,2010-09-20 12:20,Eastern,44.2371,-83.42445,,,,,,VR2W,69,106324,,,,,,,,,,NO,HECWL,NO
SBO,,4,2,,,,,,2011-07-12 12:18,Eastern,44.23235,-83.41382,,,,,,VR2W,69,112971,,,,,,,,,,NO,HECWL,NO
SBO,,4,3,,,,,,2012-06-05 09:45,Eastern,44.23231,-83.41389,,,,,,VR2W,69,109499,,,,,,,,,,NO,HECWL,NO
SBO,,4,4,,,,,,2013-06-26 09:12,Eastern,44.23233,-83.4139,,,,,,VR2W,69,109954,,,,,,,,,,NO,HECWL,NO
SBO,,4,1,,,,,,2010-09-20 12:29,Eastern,44.23234,-83.41387,,,,,,VR2W,69,109125,,,,,,,,,,NO,HECWL,NO
SBO,,5,3,,,,,,2011-07-12 12:41,Eastern,44.22768,-83.40308,,,,,,VR2W,69,109950,,,,,,,,,,NO,HECWL,NO
SBO,,5,4,,,,,,2012-06-05 10:10,Eastern,44.22771,-83.4031,,,,,,VR2W,69,110008,,,,,,,,,,NO,HECWL,NO
SBO,,5,5,,,,,,2013-06-26 09:30,Eastern,44.22771,-83.40314,,,,,,VR2W,69,109513,,,,,,,,,,NO,HECWL,NO
SBO,,5,2,,,,,,2010-11-16 13:15,Eastern,44.22768,-83.4031,,,,,,VR2W,69,109416,,,,,,,,,,NO,HECWL,NO
SBO,,5,1,,,,,,2010-09-20 12:35,Eastern,44.22764,-83.40318,,,,,,VR2W,69,109416,,,,,,,,,,NO,HECWL,NO
SBO,,6,2,,,,,,2011-07-12 13:12,Eastern,44.22292,-83.39236,,,,,,VR2W,69,109868,,,,,,,,,,NO,HECWL,NO
SBO,,6,3,,,,,,2012-06-05 10:30,Eastern,44.22293,-83.39233,,,,,,VR2W,69,109924,,,,,,,,,,NO,HECWL,NO
SBO,,6,4,,,,,,2013-06-26 09:52,Eastern,44.22293,-83.39233,,,,,,VR2W,69,109407,,,,,,,,,,NO,HECWL,NO
SBO,,6,1,,,,,,2010-09-20 12:40,Eastern,44.22293,-83.39249,,,,,,VR2W,69,109408,,,,,,,,,,NO,HECWL,NO
SBO,,7,2,,,,,,2011-07-12 13:38,Eastern,44.21825,-83.38177,,,,,,VR2W,69,109987,,,,,,,,,,NO,HECWL,NO
SBO,,7,3,,,,,,2012-06-05 11:15,Eastern,44.21828,-83.38175,,,,,,VR2W,69,119330,,,,,,,,,,NO,HECWL,NO
SBO,,7,4,,,,,,2013-06-26 10:17,Eastern,44.21828,-83.38175,,,,,,VR2W,69,109410,,,,,,,,,,NO,HECWL,NO
SBO,,7,1,,,,,,2010-09-20 12:43,Eastern,44.21821,-83.38181,,,,,,VR2W,69,109933,,,,,,,,,,NO,HECWL,NO
SBO,,8,2,,,,,,2011-07-12 14:03,Eastern,44.21338,-83.37119,,,,,,VR2W,69,109989,,,,,,,,,,NO,HECWL,NO
SBO,,8,3,,,,,,2012-06-05 11:35,Eastern,44.21342,-83.37122,,,,,,VR2W,69,109940,,,,,,,,,,NO,HECWL,NO
SBO,,8,4,,,,,,2013-06-26 10:33,Eastern,44.21345,-83.37117,,,,,,VR2W,69,109517,,,,,,,,,,NO,HECWL,NO
SBO,,8,1,,,,,,2010-09-20 12:50,Eastern,44.2135,-83.37114,,,,,,VR2W,69,109507,,,,,,,,,,NO,HECWL,NO
SBO,,9,2,,,,,,2011-07-15 08:05,Eastern,44.20878,-83.36046,,,,,,VR2W,69,109872,,,,,,,,,,NO,HECWL,NO
SBO,,9,3,,,,,,2012-06-05 12:00,Eastern,44.2088,-83.36047,,,,,,VR2W,69,110005,,,,,,,,,,NO,HECWL,NO
SBO,,9,4,,,,,,2013-06-26 10:47,Eastern,44.20881,-83.3605,,,,,,VR2W,69,109883,,,,,,,,,,NO,HECWL,NO
SBO,,9,1,,,,,,2010-09-20 13:05,Eastern,44.20876,-83.36047,,,,,,VR2W,69,109471,,,,,,,,,,NO,HECWL,NO
SBO,,10,2,,,,,,2011-07-15 08:34,Eastern,44.20409,-83.34988,,,,,,VR2W,69,109948,,,,,,,,,,NO,HECWL,NO
SBO,,10,3,,,,,,2012-06-05 12:20,Eastern,44.2041,-83.34985,,,,,,VR2W,69,110015,,,,,,,,,,NO,HECWL,NO
SBO,,10,4,,,,,,2013-06-26 11:23,Eastern,44.20409,-83.34995,,,,,,VR2W,69,113220,,,,,,,,,,NO,HECWL,NO
SBO,,10,1,,,,,,2010-09-20 13:12,Eastern,44.20408,-83.34979,,,,,,VR2W,69,109503,,,,,,,,,,NO,HECWL,NO
SBO,,11,2,,,,,,2011-07-15 09:04,Eastern,44.19941,-83.33907,,,,,,VR2W,69,109512,,,,,,,,,,NO,HECWL,NO
SBO,,11,3,,,,,,2012-06-05 12:55,Eastern,44.19941,-83.3392,,,,,,VR2W,69,119316,,,,,,,,,,NO,HECWL,NO
SBO,,11,4,,,,,,2013-07-10 09:50,Eastern,44.19941,-83.3392,,,,,,VR2W,69,109433,,,,,,,,,,NO,HECWL,NO
SBO,,11,1,,,,,,2010-09-20 09:17,Eastern,44.1994,-83.33909,,,,,,VR2W,69,109491,,,,,,,,,,NO,HECWL,NO
SBO,,12,2,,,,,,2011-07-15 09:33,Eastern,44.19474,-83.3286,,,,,,VR2W,69,110002,,,,,,,,,,NO,HECWL,NO
SBO,,12,3,,,,,,2012-06-05 14:15,Eastern,44.19472,-83.32868,,,,,,VR2W,69,119324,,,,,,,,,,NO,HECWL,NO
SBO,,12,4,,,,,,2013-06-26 12:16,Eastern,44.19478,-83.32874,,,,,,VR2W,69,106324,,,,,,,,,,NO,HECWL,NO
SBO,,12,1,,,,,,2010-09-20 09:19,Eastern,44.19477,-83.32854,,,,,,VR2W,69,109508,,,,,,,,,,NO,HECWL,NO
SBO,,13,2,,,,,,2011-07-28 11:23,Eastern,44.19002,-83.31771,,,,,,VR2W,69,112976,,,,,,,,,,NO,HECWL,NO
SBO,,13,3,,,,,,2012-06-05 14:35,Eastern,44.19002,-83.31774,,,,,,VR2W,69,109917,,,,,,,,,,NO,HECWL,NO
SBO,,13,4,,,,,,2013-06-26 12:35,Eastern,44.19005,-83.31789,,,,,,VR2W,69,109890,,,,,,,,,,NO,HECWL,NO
SBO,,13,1,,,,,,2010-09-20 09:30,Eastern,44.18998,-83.31771,,,,,,VR2W,69,109413,,,,,,,,,,NO,HECWL,NO
SBO,,14,2,,,,,,2011-07-15 10:29,Eastern,44.18525,-83.30737,,,,,,VR2W,69,106328,,,,,,,,,,NO,HECWL,NO
SBO,,14,3,,,,,,2012-06-05 15:25,Eastern,44.18527,-83.30745,,,,,,VR2W,69,109938,,,,,,,,,,NO,HECWL,NO
SBO,,14,4,,,,,,2013-06-26 12:58,Eastern,44.18532,-83.30749,,,,,,VR2W,69,113219,,,,,,,,,,NO,HECWL,NO
SBO,,14,1,,,,,,2010-09-20 09:40,Eastern,44.18523,-83.30735,,,,,,VR2W,69,109121,,,,,,,,,,NO,HECWL,NO
SBO,,15,2,,,,,,2011-07-15 10:59,Eastern,44.18067,-83.29656,,,,,,VR2W,69,109891,,,,,,,,,,NO,HECWL,NO
SBO,,15,3,,,,,,2012-06-05 16:10,Eastern,44.18065,-83.29671,,,,,,VR2W,69,109127,,,,,,,,,,NO,HECWL,NO
SBO,,15,4,,,,,,2013-06-26 13:16,Eastern,44.18073,-83.29673,,,,,,VR2W,69,109126,,,,,,,,,,NO,HECWL,NO
SBO,,15,1,,,,,,2010-09-20 09:45,Eastern,44.18059,-83.29639,,,,,,VR2W,69,109466,,,,,,,,,,NO,HECWL,NO
SBO,,16,2,,,,,,2011-07-15 11:25,Eastern,44.17583,-83.28561,,,,,,VR2W,69,112972,,,,,,,,,,NO,HECWL,NO
SBO,,16,4,,,,,,2013-06-26 13:33,Eastern,44.17578,-83.28558,,,,,,VR2W,69,109430,,,,,,,,,,NO,HECWL,NO
SBO,,16,1,,,,,,2010-09-20 09:48,Eastern,44.17583,-83.28564,,,,,,VR2W,69,109430,,,,,,,,,,NO,HECWL,NO
SBO,,16,3,,,,,,2012-06-05 16:40,Eastern,44.17583,-83.2856,,,,,,VR2W,69,109885,,,,,,,,,,NO,HECWL,NO
SBO,,17,2,,,,,,2011-07-28 10:53,Eastern,44.17125,-83.27493,,,,,,VR2W,69,109910,,,,,,,,,,NO,HECWL,NO
SBO,,17,3,,,,,,2012-06-08 08:44,Eastern,44.17128,-83.27491,,,,,,VR2W,69,110003,,,,,,,,,,NO,HECWL,NO
SBO,,17,1,,,,,,2010-09-20 10:00,Eastern,44.17114,-83.27499,,,,,,VR2W,69,109511,,,,,,,,,,NO,HECWL,NO
SBO,,17,4,,,,,,2013-07-10 09:20,Eastern,44.17128,-83.27491,,,,,,VR2W,69,109457,,,,,,,,,,NO,HECWL,NO
SBO,,18,2,,,,,,2011-07-19 09:07,Eastern,44.16638,-83.26435,,,,,,VR2W,69,112963,,,,,,,,,,NO,HECWL,NO
SBO,,18,3,,,,,,2012-06-08 09:04,Eastern,44.16639,-83.26439,,,,,,VR2W,69,109485,,,,,,,,,,NO,HECWL,NO
SBO,,18,4,,,,,,2013-06-26 14:43,Eastern,44.1664,-83.26443,,,,,,VR2W,69,109423,,,,,,,,,,NO,HECWL,NO
SBO,,18,1,,,,,,2010-09-20 10:06,Eastern,44.16636,-83.26433,,,,,,VR2W,69,109899,,,,,,,,,,NO,HECWL,NO
SBO,,19,2,,,,,,2011-07-28 10:05,Eastern,44.16175,-83.25368,,,,,,VR2W,69,109992,,,,,,,,,,NO,HECWL,NO
SBO,,19,3,,,,,,2012-06-28 08:48,Eastern,44.16174,-83.25362,,,,,,VR2W,69,109995,,,,,,,,,,NO,HECWL,NO
SBO,,19,4,,,,,,2013-07-10 08:45,Eastern,44.16174,-83.25362,,,,,,VR2W,69,109944,,,,,,,,,,NO,HECWL,NO
SBO,,19,1,,,,,,2010-09-20 10:15,Eastern,44.16171,-83.25365,,,,,,VR2W,69,109931,,,,,,,,,,NO,HECWL,NO
SBO,,20,2,,,,,,2011-07-28 09:39,Eastern,44.15375,-83.24736,,,,,,VR2W,69,109475,,,,,,,,,,NO,HECWL,NO
SBO,,20,3,,,,,,2012-06-28 09:16,Eastern,44.15379,-83.24734,,,,,,VR2W,69,109493,,,,,,,,,,NO,HECWL,NO
SBO,,20,4,,,,,,2013-06-26 15:30,Eastern,44.1538,-83.24738,,,,,,VR2W,69,109414,,,,,,,,,,NO,HECWL,NO
SBO,,20,1,,,,,,2010-09-20 10:20,Eastern,44.15374,-83.24733,,,,,,VR2W,69,109455,,,,,,,,,,NO,HECWL,NO
SBO,,21,2,,,,,,2011-07-28 08:54,Eastern,44.14629,-83.24047,,,,,,VR2W,69,109982,,,,,,,,,,NO,HECWL,NO
SBO,,21,3,,,,,,2012-06-28 09:37,Eastern,44.1463,-83.24038,,,,,,VR2W,69,109413,,,,,,,,,,NO,HECWL,NO
SBO,,21,4,,,,,,2013-06-27 09:04,Eastern,44.14629,-83.24038,,,,,,VR2W,69,109892,,,,,,,,,,NO,HECWL,NO
SBO,,21,1,,,,,,2010-09-20 10:29,Eastern,44.14623,-83.24054,,,,,,VR2W,69,109123,,,,,,,,,,NO,HECWL,NO
SBO,,22,2,,,,,,2011-07-25 12:37,Eastern,44.13878,-83.23373,,,,,,VR2W,69,112967,,,,,,,,,,NO,HECWL,NO
SBO,,22,3,,,,,,2012-06-28 10:08,Eastern,44.13877,-83.23373,,,,,,VR2W,69,109469,,,,,,,,,,NO,HECWL,NO
SBO,,22,4,,,,,,2013-06-27 09:24,Eastern,44.13874,-83.23379,,,,,,VR2W,69,109933,,,,,,,,,,NO,HECWL,NO
SBO,,22,1,,,,,,2010-09-20 10:35,Eastern,44.13867,-83.23383,,,,,,VR2W,69,109405,,,,,,,,,,NO,HECWL,NO
SBO,,23,2,,,,,,2011-07-25 13:11,Eastern,44.13115,-83.22707,,,,,,VR2W,69,109972,,,,,,,,,,NO,HECWL,NO
SBO,,23,3,,,,,,2012-06-28 10:32,Eastern,44.13121,-83.22703,,,,,,VR2W,69,109902,,,,,,,,,,NO,HECWL,NO
SBO,,23,4,,,,,,2013-06-27 09:47,Eastern,44.13115,-83.22704,,,,,,VR2W,69,109897,,,,,,,,,,NO,HECWL,NO
SBO,,23,1,,,,,,2010-09-20 09:25,Eastern,44.13106,-83.22704,,,,,,VR2W,69,109482,,,,,,,,,,NO,HECWL,NO
SBO,,24,2,,,,,,2011-07-27 08:21,Eastern,44.12352,-83.22037,,,,,,VR2W,69,110009,,,,,,,,,,NO,HECWL,NO
SBO,,24,3,,,,,,2012-06-28 10:56,Eastern,44.1235,-83.22026,,,,,,VR2W,69,109878,,,,,,,,,,NO,HECWL,NO
SBO,,24,4,,,,,,2013-06-27 10:04,Eastern,44.12349,-83.22031,,,,,,VR2W,69,109982,,,,,,,,,,NO,HECWL,NO
SBO,,24,1,,,,,,2010-09-20 09:34,Eastern,44.1235,-83.22039,,,,,,VR2W,69,109473,,,,,,,,,,NO,HECWL,NO
SBO,,25,2,,,,,,2011-07-27 08:44,Eastern,44.11593,-83.21351,,,,,,VR2W,69,109926,,,,,,,,,,NO,HECWL,NO
SBO,,25,3,,,,,,2012-06-28 11:22,Eastern,44.11597,-83.2135,,,,,,VR2W,69,113214,,,,,,,,,,NO,HECWL,NO
SBO,,25,4,,,,,,2013-06-27 10:26,Eastern,44.11595,-83.21359,,,,,,VR2W,69,109503,,,,,,,,,,NO,HECWL,NO
SBO,,25,1,,,,,,2010-09-20 09:44,Eastern,44.11592,-83.21357,,,,,,VR2W,69,109900,,,,,,,,,,NO,HECWL,NO
SBO,,26,2,,,,,,2011-07-27 09:14,Eastern,44.1084,-83.20689,,,,,,VR2W,69,109501,,,,,,,,,,NO,HECWL,NO
SBO,,26,3,,,,,,2012-06-28 11:43,Eastern,44.10838,-83.20684,,,,,,VR2W,69,120592,,,,,,,,,,NO,HECWL,NO
SBO,,26,4,,,,,,2013-07-17 08:47,Eastern,44.10838,-83.20684,,,,,,VR2W,69,109889,,,,,,,,,,NO,HECWL,NO
SBO,,26,1,,,,,,2010-09-20 09:54,Eastern,44.10836,-83.20684,,,,,,VR2W,69,109120,,,,,,,,,,NO,HECWL,NO
SBO,,27,2,,,,,,2011-07-27 09:37,Eastern,44.10096,-83.20008,,,,,,VR2W,69,110000,,,,,,,,,,NO,HECWL,NO
SBO,,27,3,,,,,,2012-06-28 12:06,Eastern,44.10094,-83.20008,,,,,,VR2W,69,109981,,,,,,,,,,NO,HECWL,NO
SBO,,27,1,,,,,,2010-09-20 10:03,Eastern,44.10088,-83.20018,,,,,,VR2W,69,109923,,,,,,,,,,NO,HECWL,NO
SBO,,27,4,,,,,,2013-07-17 09:02,Eastern,44.10095,-83.20008,,,,,,VR2W,69,109966,,,,,,,,,,NO,HECWL,NO
SBO,,28,2,,,,,,2011-07-27 10:04,Eastern,44.09336,-83.1935,,,,,,VR2W,69,109915,,,,,,,,,,NO,HECWL,NO
SBO,,28,3,,,,,,2012-06-28 12:42,Eastern,44.09334,-83.19348,,,,,,VR2W,69,106326,,,,,,,,,,NO,HECWL,NO
SBO,,28,4,,,,,,2013-06-27 11:31,Eastern,44.09331,-83.19351,,,,,,VR2W,69,109893,,,,,,,,,,NO,HECWL,NO
SBO,,28,1,,,,,,2010-09-20 10:12,Eastern,44.09323,-83.1934,,,,,,VR2W,69,109483,,,,,,,,,,NO,HECWL,NO
SBO,,29,2,,,,,,2011-07-27 10:25,Eastern,44.0857,-83.18672,,,,,,VR2W,69,109988,,,,,,,,,,NO,HECWL,NO
SBO,,29,4,,,,,,2013-06-27 11:57,Eastern,44.08579,-83.1871,,,,,,VR2W,69,106323,,,,,,,,,,NO,HECWL,NO
SBO,,29,3,,,,,,2012-06-27 17:52,Eastern,44.08569,-83.18678,,,,,,VR2W,69,113211,,,,,,,,,,NO,HECWL,NO
SBO,,29,1,,,,,,2010-09-20 10:22,Eastern,44.08565,-83.18666,,,,,,VR2W,69,109452,,,,,,,,,,NO,HECWL,NO
SBO,,30,2,,,,,,2011-07-27 10:50,Eastern,44.07813,-83.18002,,,,,,VR2W,69,109958,,,,,,,,,,NO,HECWL,NO
SBO,,30,3,,,,,,2012-06-28 13:03,Eastern,44.0782,-83.18002,,,,,,VR2W,69,114482,,,,,,,,,,NO,HECWL,NO
SBO,,30,4,,,,,,2013-06-27 12:13,Eastern,44.07816,-83.1801,,,,,,VR2W,69,109911,,,,,,,,,,NO,HECWL,NO
SBO,,30,1,,,,,,2010-09-20 10:31,Eastern,44.07811,-83.17998,,,,,,VR2W,69,109459,,,,,,,,,,NO,HECWL,NO
SBO,,31,2,,,,,,2011-07-27 11:09,Eastern,44.07054,-83.17311,,,,,,VR2W,69,109954,,,,,,,,,,NO,HECWL,NO
SBO,,31,3,,,,,,2012-06-28 13:27,Eastern,44.07059,-83.17304,,,,,,VR2W,69,109960,,,,,,,,,,NO,HECWL,NO
SBO,,31,1,,,,,,2010-09-20 10:39,Eastern,44.07052,-83.17311,,,,,,VR2W,69,109127,,,,,,,,,,NO,HECWL,NO
SBO,,31,4,,,,,,2013-07-17 09:21,Eastern,44.07059,-83.17304,,,,,,VR2W,69,109886,,,,,,,,,,NO,HECWL,NO
SBO,,32,2,,,,,,2011-07-27 11:28,Eastern,44.06282,-83.16626,,,,,,VR2W,69,109974,,,,,,,,,,NO,HECWL,NO
SBO,,32,3,,,,,,2012-06-27 16:24,Eastern,44.06298,-83.16612,,,,,,VR2W,69,109125,,,,,,,,,,NO,HECWL,NO
SBO,,32,1,,,,,,2010-09-20 10:45,Eastern,44.06288,-83.16625,,,,,,VR2W,69,109122,,,,,,,,,,NO,HECWL,NO
SBO,,32,4,,,,,,2013-07-17 09:37,Eastern,44.06298,-83.16612,,,,,,VR2W,69,119331,,,,,,,,,,NO,HECWL,NO
SBO,,33,2,,,,,,2011-07-27 12:08,Eastern,44.05531,-83.15932,,,,,,VR2W,69,109955,,,,,,,,,,NO,HECWL,NO
SBO,,33,3,,,,,,2012-06-27 15:58,Eastern,44.05521,-83.1591,,,,,,VR2W,69,109511,,,,,,,,,,NO,HECWL,NO
SBO,,33,1,,,,,,2010-09-20 10:56,Eastern,44.05533,-83.15958,,,,,,VR2W,69,109448,,,,,,,,,,NO,HECWL,NO
SBO,,33,4,,,,,,2013-07-17 09:54,Eastern,44.05521,-83.1591,,,,,,VR2W,69,109451,,,,,,,,,,NO,HECWL,NO
SBO,,34,2,,,,,,2011-07-27 12:58,Eastern,44.04774,-83.15303,,,,,,VR2W,69,109980,,,,,,,,,,NO,HECWL,NO
SBO,,34,3,,,,,,2012-06-27 15:33,Eastern,44.04783,-83.15288,,,,,,VR2W,69,109506,,,,,,,,,,NO,HECWL,NO
SBO,,34,4,,,,,,2013-07-17 10:09,Eastern,44.04783,-83.15288,,,,,,VR2W,69,109439,,,,,,,,,,NO,HECWL,NO
SBO,,34,1,,,,,,2010-09-20 11:02,Eastern,44.0477,-83.15303,,,,,,VR2W,69,109456,,,,,,,,,,NO,HECWL,NO
SBO,,35,2,,,,,,2011-09-01 10:02,Eastern,44.03999,-83.14602,,,,,,VR2W,69,109517,,,,,,,,,,NO,HECWL,NO
SBO,,35,3,,,,,,2012-06-27 15:15,Eastern,44.03994,-83.14606,,,,,,VR2W,69,109121,,,,,,,,,,NO,HECWL,NO
SBO,,35,1,,,,,,2010-09-20 11:08,Eastern,44.04006,-83.14605,,,,,,VR2W,69,109479,,,,,,,,,,NO,HECWL,NO
SBO,,35,4,,,,,,2013-07-17 10:30,Eastern,44.03994,-83.14606,,,,,,VR2W,69,109438,,,,,,,,,,NO,HECWL,NO
SBO,,36,2,,,,,,2011-07-27 13:59,Eastern,44.0326,-83.13944,,,,,,VR2W,69,109904,,,,,,,,,,NO,HECWL,NO
SBO,,36,3,,,,,,2012-06-27 14:48,Eastern,44.03255,-83.13954,,,,,,VR2W,69,109971,,,,,,,,,,NO,HECWL,NO
SBO,,36,1,,,,,,2010-09-20 11:14,Eastern,44.03257,-83.13947,,,,,,VR2W,69,109978,,,,,,,,,,NO,HECWL,NO
SBO,,36,4,,,,,,2013-07-17 10:51,Eastern,44.03255,-83.13954,,,,,,VR2W,69,109907,,,,,,,,,,NO,HECWL,NO
SBO,,37,2,,,,,,2011-10-06 09:39,Eastern,44.0251,-83.13262,,,,,,VR2W,69,109478,,,,,,,,,,NO,HECWL,NO
SBO,,37,3,,,,,,2012-06-27 14:28,Eastern,44.02515,-83.13264,,,,,,VR2W,69,109876,,,,,,,,,,NO,HECWL,NO
SBO,,37,4,,,,,,2013-07-09 13:36,Eastern,44.02515,-83.13268,,,,,,VR2W,69,109964,,,,,,,,,,NO,HECWL,NO
SBO,,37,1,,,,,,2010-09-20 11:20,Eastern,44.02507,-83.13258,,,,,,VR2W,69,109941,,,,,,,,,,NO,HECWL,NO
SBO,,38,2,,,,,,2011-10-06 09:50,Eastern,44.01754,-83.12588,,,,,,VR2W,69,109433,,,,,,,,,,NO,HECWL,NO
SBO,,38,3,,,,,,2012-06-27 13:40,Eastern,44.01762,-83.12572,,,,,,VR2W,69,109508,,,,,,,,,,YES,HECWL,NO
SBO,,38,4,,,,,,2013-04-16 10:44,Eastern,44.01752,-83.12586,,,,,,VR2W,69,109913,,,,,,,,,,YES,HECWL,NO
SBO,,38,1,,,,,,2010-09-20 11:28,Eastern,44.01747,-83.12594,,,,,,VR2W,69,109918,,,,,,,,,,NO,HECWL,NO
SBO,,39,2,,,,,,2012-06-27 13:20,Eastern,44.01418,-83.12448,,,,,,VR2W,69,109455,,,,,,,,,,YES,HECWL,NO
SBO,,39,3,,,,,,2013-04-16 10:34,Eastern,44.01402,-83.1245,,,,,,VR2W,69,109894,,,,,,,,,,YES,HECWL,NO
SBO,,39,1,,,,,,2011-05-05 09:26,Eastern,44.0141,-83.12451,,,,,,VR2W,69,109966,,,,,,,,,,NO,HECWL,NO
SGR,,1,2,,,,,,2011-07-13 17:12,Eastern,43.6123,-83.86082,,,,,,VR2W,69,110014,,,,,,,,,,NO,HECWL,NO
SGR,,1,3,,,,,,2012-03-14 15:11,Eastern,43.61235,-83.8608,,,,,,VR2W,69,119334,,,,,,,,,,NO,HECWL,NO
SGR,,1,4,,,,,,2012-07-18 08:45,Eastern,43.61235,-83.86096,,,,,,VR2W,69,110000,,,,,,,,,,NO,HECWL,NO
SGR,,1,1,,,,,,2011-03-28 17:29,Eastern,43.61235,-83.86106,,,,,,VR2W,69,109907,,,,,,,,,,NO,HECWL,NO
SGR,,1,5,,,,,,2013-07-25 09:34,Eastern,43.61235,-83.86096,,,,,,VR2W,69,109467,,,,,,,,,,NO,HECWL,NO
SGR,,2,2,,,,,,2011-10-20 13:00,Eastern,43.60963,-83.88658,,,,,,VR2W,69,109629,,,,,,,,,,NO,HECWL,NO
SGR,,2,3,,,,,,2012-07-17 17:10,Eastern,43.6093,-83.88704,,,,,,VR2W,69,109915,,,,,,,,,,NO,HECWL,NO
SGR,,2,4,,,,,,2013-09-17 12:30,Eastern,43.61005,-83.88619,,,,,,VR2W,69,113214,,,,,,,,,,NO,HECWL,NO
SGR,,2,1,,,,,,2011-03-28 17:55,Eastern,43.60961,-83.88665,,,,,,VR2W,69,109994,,,,,,,,,,NO,HECWL,NO
SHR,,1,1,,,,,,2013-03-28 02:00,Eastern,43.37698,-83.99115,,,,,,VR2W,69,110014,,,,,,,,,,YES,HECWL,NO
SHR,,2,1,,,,,,2013-03-28 02:10,Eastern,43.37138,-84.00474,,,,,,VR2W,69,109455,,,,,,,,,,YES,HECWL,NO
SIC,,1,1,,,,,,2011-04-21 14:19,Eastern,42.09063,-83.14055,,,,,,VR2W,69,109935,,,,,,,,,,NO,HECWL,NO
STG,,1,3,,,,,,2013-06-19 12:53,Eastern,44.71321,-83.26341,,,,,,VR2W,69,109921,,,,,,,,,,YES,HECWL,NO
STG,,1,2,,,,,,2012-03-16 10:40,Eastern,44.7132,-83.26342,,,,,,VR2W,69,109901,,,,,,,,,,YES,HECWL,NO
STG,,1,1,,,,,,2011-05-13 10:15,Eastern,44.71328,-83.26346,,,,,,VR2W,69,109916,,,,,,,,,,YES,HECWL,NO
STG,,2,2,,,,,,2011-10-06 16:15,Eastern,44.71324,-83.25144,,,,,,VR2W,69,109451,,,,,,,,,,NO,HECWL,NO
STG,,2,3,,,,,,2012-07-12 14:15,Eastern,44.71323,-83.25144,,,,,,VR2W,69,114483,,,,,,,,,,NO,HECWL,NO
STG,,2,4,,,,,,2013-06-19 12:48,Eastern,44.71328,-83.25143,,,,,,VR2W,69,109120,,,,,,,,,,NO,HECWL,NO
STG,,2,1,,,,,,2010-09-22 13:20,Eastern,44.7132,-83.25136,,,,,,VR2W,69,109495,,,,,,,,,,NO,HECWL,NO
STG,,3,3,,,,,,2012-07-12 14:00,Eastern,44.71315,-83.2391,,,,,,VR2W,69,120596,,,,,,,,,,NO,HECWL,NO
STG,,3,4,,,,,,2013-06-19 12:37,Eastern,44.71318,-83.23904,,,,,,VR2W,69,109490,,,,,,,,,,NO,HECWL,NO
STG,,3,1,,,,,,2010-09-22 13:15,Eastern,44.71315,-83.23911,,,,,,VR2W,69,109486,,,,,,,,,,NO,HECWL,NO
STG,,3,2,,,,,,2011-10-06 16:35,Eastern,44.71315,-83.23911,,,,,,VR2W,69,109903,,,,,,,,,,NO,HECWL,NO
STG,,4,3,,,,,,2012-07-12 13:43,Eastern,44.71332,-83.22672,,,,,,VR2W,69,109929,,,,,,,,,,NO,HECWL,NO
STG,,4,4,,,,,,2013-06-19 12:28,Eastern,44.71338,-83.22671,,,,,,VR2W,69,109934,,,,,,,,,,NO,HECWL,NO
STG,,4,1,,,,,,2010-09-22 13:10,Eastern,44.71335,-83.22667,,,,,,VR2W,69,109919,,,,,,,,,,NO,HECWL,NO
STG,,4,2,,,,,,2011-10-07 14:00,Eastern,44.71335,-83.22667,,,,,,VR2W,69,106784,,,,,,,,,,NO,HECWL,NO
STG,,5,3,,,,,,2012-07-12 13:24,Eastern,44.71321,-83.21376,,,,,,VR2W,69,109965,,,,,,,,,,NO,HECWL,NO
STG,,5,4,,,,,,2013-06-19 12:17,Eastern,44.71319,-83.21378,,,,,,VR2W,69,109516,,,,,,,,,,NO,HECWL,NO
STG,,5,2,,,,,,2011-10-07 13:32,Eastern,44.71324,-83.21374,,,,,,VR2W,69,109973,,,,,,,,,,NO,HECWL,NO
STG,,5,1,,,,,,2010-09-22 13:00,Eastern,44.71324,-83.21374,,,,,,VR2W,69,109502,,,,,,,,,,NO,HECWL,NO
STG,,6,3,,,,,,2012-07-12 13:03,Eastern,44.71315,-83.2011,,,,,,VR2W,69,109449,,,,,,,,,,NO,HECWL,NO
STG,,6,4,,,,,,2013-06-19 12:03,Eastern,44.71318,-83.20112,,,,,,VR2W,69,109984,,,,,,,,,,NO,HECWL,NO
STG,,6,2,,,,,,2011-10-07 13:05,Eastern,44.71321,-83.20109,,,,,,VR2W,69,109423,,,,,,,,,,NO,HECWL,NO
STG,,6,1,,,,,,2010-09-22 12:55,Eastern,44.71321,-83.20109,,,,,,VR2W,69,109629,,,,,,,,,,NO,HECWL,NO
STG,,7,3,,,,,,2012-07-12 12:26,Eastern,44.71322,-83.18823,,,,,,VR2W,69,119328,,,,,,,,,,NO,HECWL,NO
STG,,7,4,,,,,,2013-06-19 11:48,Eastern,44.71322,-83.1882,,,,,,VR2W,69,109448,,,,,,,,,,NO,HECWL,NO
STG,,7,1,,,,,,2010-09-22 12:45,Eastern,44.7133,-83.18826,,,,,,VR2W,69,109973,,,,,,,,,,NO,HECWL,NO
STG,,7,2,,,,,,2011-10-07 12:30,Eastern,44.7133,-83.18826,,,,,,VR2W,69,109406,,,,,,,,,,NO,HECWL,NO
STG,,8,3,,,,,,2012-07-12 12:03,Eastern,44.71335,-83.17568,,,,,,VR2W,69,112967,,,,,,,,,,NO,HECWL,NO
STG,,8,4,,,,,,2013-06-19 11:30,Eastern,44.71335,-83.17567,,,,,,VR2W,69,109500,,,,,,,,,,NO,HECWL,NO
STG,,8,1,,,,,,2010-09-22 12:40,Eastern,44.71335,-83.17568,,,,,,VR2W,69,109423,,,,,,,,,,NO,HECWL,NO
STG,,8,2,,,,,,2011-10-07 11:54,Eastern,44.71335,-83.17568,,,,,,VR2W,69,109916,,,,,,,,,,NO,HECWL,NO
STG,,9,3,,,,,,2012-07-12 11:26,Eastern,44.71334,-83.16309,,,,,,VR2W,69,119320,,,,,,,,,,NO,HECWL,NO
STG,,9,4,,,,,,2013-06-19 11:13,Eastern,44.71335,-83.1631,,,,,,VR2W,69,109409,,,,,,,,,,NO,HECWL,NO
STG,,9,2,,,,,,2011-10-07 11:13,Eastern,44.71332,-83.16315,,,,,,VR2W,69,109495,,,,,,,,,,NO,HECWL,NO
STG,,9,1,,,,,,2010-09-22 12:35,Eastern,44.71332,-83.16315,,,,,,VR2W,69,109406,,,,,,,,,,NO,HECWL,NO
STG,,10,3,,,,,,2012-07-12 10:40,Eastern,44.71325,-83.15048,,,,,,VR2W,69,109972,,,,,,,,,,NO,HECWL,NO
STG,,10,4,,,,,,2013-06-19 10:53,Eastern,44.71328,-83.15048,,,,,,VR2W,69,109905,,,,,,,,,,NO,HECWL,NO
STG,,10,2,,,,,,2011-10-07 10:15,Eastern,44.71326,-83.15053,,,,,,VR2W,69,109486,,,,,,,,,,NO,HECWL,NO
STG,,10,1,,,,,,2010-09-22 12:20,Eastern,44.71326,-83.15053,,,,,,VR2W,69,106784,,,,,,,,,,NO,HECWL,NO
THB,,1,2,,,,,,2011-08-29 13:31,Eastern,44.88708,-83.32057,,,,,,VR2W,69,109995,,,,,,,,,,NO,HECWL,NO
THB,,1,3,,,,,,2012-06-19 11:14,Eastern,44.88706,-83.32058,,,,,,VR2W,69,120595,,,,,,,,,,YES,HECWL,NO
THB,,1,4,,,,,,2013-04-17 09:47,Eastern,44.88922,-83.31749,,,,,,VR2W,69,109491,,,,,,,,,,YES,HECWL,NO
THB,,1,1,,,,,,2011-05-05 16:03,Eastern,44.88711,-83.32052,,,,,,VR2W,69,110003,,,,,,,,,,NO,HECWL,NO
THB,,2,2,,,,,,2011-08-29 13:48,Eastern,44.89479,-83.31744,,,,,,VR2W,69,109960,,,,,,,,,,NO,HECWL,NO
THB,,2,3,,,,,,2012-06-19 11:00,Eastern,44.89458,-83.31703,,,,,,VR2W,69,109919,,,,,,,,,,YES,HECWL,NO
THB,,2,4,,,,,,2013-04-17 09:39,Eastern,44.89483,-83.3174,,,,,,VR2W,69,109953,,,,,,,,,,YES,HECWL,NO
THB,,2,1,,,,,,2011-05-05 15:51,Eastern,44.89483,-83.31738,,,,,,VR2W,69,109884,,,,,,,,,,NO,HECWL,NO
THB,,3,2,,,,,,2011-10-03 15:27,Eastern,44.9045,-83.31394,,,,,,VR2W,69,109943,,,,,,,,,,NO,HECWL,NO
THB,,3,3,,,,,,2012-06-19 10:46,Eastern,44.90447,-83.31385,,,,,,VR2W,69,112978,,,,,,,,,,NO,HECWL,NO
THB,,3,4,,,,,,2013-06-13 13:50,Eastern,44.90444,-83.31387,,,,,,VR2W,69,109440,,,,,,,,,,NO,HECWL,NO
THB,,3,1,,,,,,2010-09-22 17:25,Eastern,44.90459,-83.31389,,,,,,VR2W,69,109464,,,,,,,,,,NO,HECWL,NO
THB,,4,2,,,,,,2011-08-29 14:47,Eastern,44.9133,-83.31073,,,,,,VR2W,69,113214,,,,,,,,,,NO,HECWL,NO
THB,,4,3,,,,,,2012-06-19 10:28,Eastern,44.91327,-83.31073,,,,,,VR2W,69,120589,,,,,,,,,,NO,HECWL,NO
THB,,4,4,,,,,,2013-06-13 13:38,Eastern,44.91329,-83.31075,,,,,,VR2W,69,113226,,,,,,,,,,NO,HECWL,NO
THB,,4,1,,,,,,2010-09-22 17:20,Eastern,44.91334,-83.31073,,,,,,VR2W,69,109445,,,,,,,,,,NO,HECWL,NO
THB,,5,2,,,,,,2011-08-29 15:07,Eastern,44.92213,-83.30769,,,,,,VR2W,69,109965,,,,,,,,,,NO,HECWL,NO
THB,,5,3,,,,,,2012-06-19 10:07,Eastern,44.92215,-83.30769,,,,,,VR2W,69,113223,,,,,,,,,,NO,HECWL,NO
THB,,5,4,,,,,,2013-06-13 13:28,Eastern,44.92216,-83.30772,,,,,,VR2W,69,109942,,,,,,,,,,NO,HECWL,NO
THB,,5,1,,,,,,2010-09-22 17:15,Eastern,44.92204,-83.30767,,,,,,VR2W,69,109449,,,,,,,,,,NO,HECWL,NO
THB,,6,2,,,,,,2011-08-29 15:29,Eastern,44.93081,-83.30462,,,,,,VR2W,69,113229,,,,,,,,,,NO,HECWL,NO
THB,,6,3,,,,,,2012-06-19 09:46,Eastern,44.9308,-83.30461,,,,,,VR2W,69,109480,,,,,,,,,,NO,HECWL,NO
THB,,6,4,,,,,,2013-06-13 13:15,Eastern,44.9308,-83.30462,,,,,,VR2W,69,109437,,,,,,,,,,NO,HECWL,NO
THB,,6,1,,,,,,2010-09-22 17:10,Eastern,44.9308,-83.3046,,,,,,VR2W,69,109422,,,,,,,,,,NO,HECWL,NO
THB,,7,2,,,,,,2011-08-29 15:48,Eastern,44.93957,-83.30165,,,,,,VR2W,69,110005,,,,,,,,,,NO,HECWL,NO
THB,,7,4,,,,,,2013-06-13 13:00,Eastern,44.93955,-83.30168,,,,,,VR2W,69,109951,,,,,,,,,,NO,HECWL,NO
THB,,7,1,,,,,,2010-09-22 17:05,Eastern,44.93958,-83.30164,,,,,,VR2W,69,109436,,,,,,,,,,NO,HECWL,NO
THB,,7,3,,,,,,2012-05-31 15:12,Eastern,44.93957,-83.30165,,,,,,VR2W,69,109896,,,,,,,,,,NO,HECWL,NO
THB,,8,2,,,,,,2011-07-29 12:32,Eastern,44.94819,-83.29823,,,,,,VR2W,69,109917,,,,,,,,,,NO,HECWL,NO
THB,,8,3,,,,,,2012-05-31 14:41,Eastern,44.94818,-83.29828,,,,,,VR2W,69,119323,,,,,,,,,,NO,HECWL,NO
THB,,8,4,,,,,,2013-06-13 12:43,Eastern,44.94819,-83.29829,,,,,,VR2W,69,109928,,,,,,,,,,NO,HECWL,NO
THB,,8,1,,,,,,2010-09-22 17:00,Eastern,44.94828,-83.29829,,,,,,VR2W,69,109428,,,,,,,,,,NO,HECWL,NO
THB,,9,2,,,,,,2011-07-29 12:09,Eastern,44.95709,-83.29506,,,,,,VR2W,69,109885,,,,,,,,,,NO,HECWL,NO
THB,,9,3,,,,,,2012-05-31 14:17,Eastern,44.95714,-83.29516,,,,,,VR2W,69,109460,,,,,,,,,,NO,HECWL,NO
THB,,9,4,,,,,,2013-06-13 12:28,Eastern,44.95717,-83.29523,,,,,,VR2W,69,109945,,,,,,,,,,NO,HECWL,NO
THB,,9,1,,,,,,2010-09-22 16:57,Eastern,44.95706,-83.29517,,,,,,VR2W,69,109124,,,,,,,,,,NO,HECWL,NO
THB,,10,2,,,,,,2011-07-29 11:48,Eastern,44.9658,-83.29218,,,,,,VR2W,69,109940,,,,,,,,,,NO,HECWL,NO
THB,,10,3,,,,,,2012-05-31 13:24,Eastern,44.96585,-83.29228,,,,,,VR2W,69,113209,,,,,,,,,,NO,HECWL,NO
THB,,10,4,,,,,,2013-06-13 12:10,Eastern,44.96587,-83.29227,,,,,,VR2W,69,109936,,,,,,,,,,NO,HECWL,NO
THB,,10,1,,,,,,2010-09-22 16:50,Eastern,44.96583,-83.29216,,,,,,VR2W,69,109414,,,,,,,,,,NO,HECWL,NO
THB,,11,3,,,,,,2012-06-22 10:49,Eastern,44.97452,-83.28925,,,,,,VR2W,69,113229,,,,,,,,,,NO,HECWL,NO
THB,,11,4,,,,,,2013-06-13 11:51,Eastern,44.97459,-83.28927,,,,,,VR2W,69,109492,,,,,,,,,,NO,HECWL,NO
THB,,11,1,,,,,,2010-09-22 16:45,Eastern,44.97453,-83.28923,,,,,,VR2W,69,109454,,,,,,,,,,NO,HECWL,NO
THB,,11,2,,,,,,2011-10-03 13:55,Eastern,44.97453,-83.28923,,,,,,VR2W,69,109493,,,,,,,,,,NO,HECWL,NO
THB,,12,2,,,,,,2011-07-29 11:04,Eastern,44.98335,-83.28602,,,,,,VR2W,69,110015,,,,,,,,,,NO,HECWL,NO
THB,,12,3,,,,,,2012-05-31 12:15,Eastern,44.98339,-83.28605,,,,,,VR2W,69,119327,,,,,,,,,,NO,HECWL,NO
THB,,12,4,,,,,,2013-06-13 11:35,Eastern,44.98342,-83.28612,,,,,,VR2W,69,109895,,,,,,,,,,NO,HECWL,NO
THB,,12,1,,,,,,2010-09-22 16:40,Eastern,44.98333,-83.28593,,,,,,VR2W,69,109429,,,,,,,,,,NO,HECWL,NO
THB,,13,2,,,,,,2011-07-29 10:48,Eastern,44.99205,-83.28283,,,,,,VR2W,69,109977,,,,,,,,,,NO,HECWL,NO
THB,,13,3,,,,,,2012-05-31 11:42,Eastern,44.99209,-83.28283,,,,,,VR2W,69,119329,,,,,,,,,,NO,HECWL,NO
THB,,13,4,,,,,,2013-06-13 11:14,Eastern,44.99211,-83.28293,,,,,,VR2W,69,109968,,,,,,,,,,NO,HECWL,NO
THB,,13,1,,,,,,2010-09-22 16:35,Eastern,44.99206,-83.28281,,,,,,VR2W,69,109461,,,,,,,,,,NO,HECWL,NO
THB,,14,2,,,,,,2011-07-29 10:21,Eastern,45.00083,-83.27972,,,,,,VR2W,69,110006,,,,,,,,,,NO,HECWL,NO
THB,,14,3,,,,,,2012-06-22 10:08,Eastern,45.00077,-83.27969,,,,,,VR2W,69,109943,,,,,,,,,,NO,HECWL,NO
THB,,14,4,,,,,,2013-06-13 10:58,Eastern,45.00073,-83.27968,,,,,,VR2W,69,109504,,,,,,,,,,NO,HECWL,NO
THB,,14,1,,,,,,2010-09-22 16:30,Eastern,45.00084,-83.2797,,,,,,VR2W,69,109472,,,,,,,,,,NO,HECWL,NO
THB,,15,2,,,,,,2011-07-29 09:51,Eastern,45.00952,-83.2766,,,,,,VR2W,69,110008,,,,,,,,,,NO,HECWL,NO
THB,,15,3,,,,,,2012-05-31 10:25,Eastern,45.0095,-83.27665,,,,,,VR2W,69,109419,,,,,,,,,,NO,HECWL,NO
THB,,15,4,,,,,,2013-06-13 10:37,Eastern,45.0095,-83.27671,,,,,,VR2W,69,109441,,,,,,,,,,NO,HECWL,NO
THB,,15,1,,,,,,2010-09-22 16:25,Eastern,45.00953,-83.27658,,,,,,VR2W,69,109496,,,,,,,,,,NO,HECWL,NO
THB,,16,2,,,,,,2011-07-29 09:34,Eastern,45.01818,-83.27342,,,,,,VR2W,69,109924,,,,,,,,,,NO,HECWL,NO
THB,,16,3,,,,,,2012-05-31 09:53,Eastern,45.01824,-83.27346,,,,,,VR2W,69,109975,,,,,,,,,,YES,HECWL,NO
THB,,16,4,,,,,,2013-04-17 10:22,Eastern,45.01826,-83.27352,,,,,,VR2W,69,110004,,,,,,,,,,YES,HECWL,NO
THB,,16,1,,,,,,2010-09-22 16:20,Eastern,45.01826,-83.27342,,,,,,VR2W,69,109498,,,,,,,,,,NO,HECWL,NO
THR,,1,1,,,,,,2013-03-22 09:50,Eastern,45.06265,-83.42819,,,,,,VR2W,69,109447,,,,,,,,,,YES,HECWL,NO
THR,,2,1,,,,,,2013-03-22 10:25,Eastern,45.06773,-83.43484,,,,,,VR2W,69,109457,,,,,,,,,,YES,HECWL,NO
TRN,,1,1,,,,,,2011-04-21 12:46,Eastern,42.1875,-83.15294,,,,,,VR2W,69,109939,,,,,,,,,,NO,HECWL,NO
TRN,,2,1,,,,,,2011-04-21 12:17,Eastern,42.16149,-83.16592,,,,,,VR2W,69,112974,,,,,,,,,,NO,HECWL,NO
TTB,,1,2,,,,,,2011-07-20 10:50,Eastern,43.38711,-83.9874,,,,,,VR2W,69,109499,,,,,,,,,,YES,HECWL,NO
TTB,,1,3,,,,,,2012-03-14 12:35,Eastern,43.38709,-83.98737,,,,,,VR2W,69,119331,,,,,,,,,,YES,HECWL,NO
TTB,,1,4,,,,,,2012-07-17 12:47,Eastern,43.387,-83.9873,,,,,,VR2W,69,109454,,,,,,,,,,NO,HECWL,NO
TTB,,1,1,,,,,,2011-03-29 12:13,Eastern,43.38709,-83.98743,,,,,,VR2W,69,109409,,,,,,,,,,YES,HECWL,NO
TTB,,1,5,,,,,,2013-07-24 03:00,Eastern,43.38709,-83.98737,,,,,,VR2W,69,109428,,,,,,,,,,NO,HECWL,NO
TTB,,2,2,,,,,,2011-07-20 10:30,Eastern,43.39166,-83.99263,,,,,,VR2W,69,109906,,,,,,,,,,YES,HECWL,NO
TTB,,2,3,,,,,,2012-03-14 12:50,Eastern,43.39165,-83.99264,,,,,,VR2W,69,113213,,,,,,,,,,YES,HECWL,NO
TTB,,2,1,,,,,,2011-03-29 13:21,Eastern,43.39165,-83.99259,,,,,,VR2W,69,110012,,,,,,,,,,YES,HECWL,NO
TTB,,2,4,,,,,,2012-07-17 13:15,Eastern,43.39164,-83.99264,,,,,,VR2W,69,109478,,,,,,,,,,NO,HECWL,NO
TTB,,2,5,,,,,,2013-07-24 03:32,Eastern,43.39165,-83.99264,,,,,,VR2W,69,106326,,,,,,,,,,NO,HECWL,NO
