ANIMAL_ID,TAG_TYPE,TAG_MANUFACTURER,TAG_MODEL,TAG_SERIAL_NUMBER,TAG_ID_CODE,TAG_CODE_SPACE,TAG_IMPLANT_TYPE,TAG_ACTIVATION_DATE,EST_TAG_LIFE,TAGGER,TAG_OWNER_PI,TAG_OWNER_ORGANIZATION,COMMON_NAME_E,SCIENTIFIC_NAME,CAPTURE_LOCATION,CAPTURE_LATITUDE,CAPTURE_LONGITUDE,WILD_OR_HATCHERY,STOCK,LENGTH,WEIGHT,LENGTH_TYPE,AGE,SEX,DNA_SAMPLE_TAKEN,TREATMENT_TYPE,RELEASE_GROUP,RELEASE_LOCATION,RELEASE_LATITUDE,RELEASE_LONGITUDE,UTC_RELEASE_DATE_TIME,GLATOS_RELEASE_DATE_TIME,GLATOS_TIMEZONE,CAPTURE_DEPTH,TEMPERATURE_CHANGE,HOLDING_TEMPERATURE,SURGERY_LOCATION,DATE_OF_SURGERY,SURGERY_LATITUDE,SURGERY_LONGITUDE,SEDATIVE,SEDATIVE_CONCENTRATION,ANAESTHETIC,BUFFER,ANAESTHETIC_CONCENTRATION,BUFFER_CONCENTRATION_IN_ANAESTHETIC,ANESTHETIC_CONCENTRATION_IN_RECIRCULATION,BUFFER_CONCENTRATION_IN_RECIRCULATION,DISSOLVED_OXYGEN,COMMENTS,GLATOS_PROJECT,GLATOS_EXTERNAL_TAG_ID1,GLATOS_EXTERNAL_TAG_ID2,GLATOS_TAG_RECOVERED,GLATOS_CAUGHT_DATE,GLATOS_REWARD
543,,,,,32011,A69-9001,,,,,,,walleye,Sander vitreus,,,,,,,,,,,,,,AuGres,,,,2013-04-08 16:00,Eastern,,,,,,,,,,,,,,,,,,HECWL,,,NO,,
536,,,,,32313,A69-9001,,,,,,,walleye,Sander vitreus,,,,,,,,,,,,,,AuGres,,,,2013-04-08 16:00,Eastern,,,,,,,,,,,,,,,,,,HECWL,,,NO,,
453,,,,,32319,A69-9001,,,,,,,walleye,Sander vitreus,,,,,,,,,,,,,,Tittabawassee,,,,2011-04-05 14:26,Eastern,,,,,,,,,,,,,,,,,,HECWL,,,NO,,
479,,,,,32571,A69-9001,,,,,,,walleye,Sander vitreus,,,,,,,,,,,,,,Tittabawassee,,,,2012-03-20 16:00,Eastern,,,,,,,,,,,,,,,,,,HECWL,,,NO,,
1,,,,,15136,A69-9002,,,,,,,walleye,Sander vitreus,,,,,,,,,,,,,,Maumee,,,,2012-03-26 23:30,Eastern,,,,,,,,,,,,,,,,,,HECWL,,,NO,,
2,,,,,15157,A69-9002,,,,,,,walleye,Sander vitreus,,,,,,,,,,,,,,Maumee,,,,2012-03-26 23:30,Eastern,,,,,,,,,,,,,,,,,,HECWL,,,NO,,
3,,,,,15181,A69-9002,,,,,,,walleye,Sander vitreus,,,,,,,,,,,,,,Tittabawassee,,,,2012-03-20 16:00,Eastern,,,,,,,,,,,,,,,,,,HECWL,,,NO,,
4,,,,,15197,A69-9002,,,,,,,walleye,Sander vitreus,,,,,,,,,,,,,,Maumee,,,,2012-03-26 23:30,Eastern,,,,,,,,,,,,,,,,,,HECWL,,,NO,,
5,,,,,15214,A69-9002,,,,,,,walleye,Sander vitreus,,,,,,,,,,,,,,Maumee,,,,2012-03-26 23:30,Eastern,,,,,,,,,,,,,,,,,,HECWL,,,NO,,
6,,,,,15249,A69-9002,,,,,,,walleye,Sander vitreus,,,,,,,,,,,,,,Maumee,,,,2012-03-26 23:30,Eastern,,,,,,,,,,,,,,,,,,HECWL,,,NO,,
7,,,,,15257,A69-9002,,,,,,,walleye,Sander vitreus,,,,,,,,,,,,,,Maumee,,,,2012-03-26 23:30,Eastern,,,,,,,,,,,,,,,,,,HECWL,,,NO,,
8,,,,,15266,A69-9002,,,,,,,walleye,Sander vitreus,,,,,,,,,,,,,,Maumee,,,,2012-03-26 23:30,Eastern,,,,,,,,,,,,,,,,,,HECWL,,,NO,,
9,,,,,15267,A69-9002,,,,,,,walleye,Sander vitreus,,,,,,,,,,,,,,Maumee,,,,2012-03-26 23:30,Eastern,,,,,,,,,,,,,,,,,,HECWL,,,NO,,
10,,,,,15268,A69-9002,,,,,,,walleye,Sander vitreus,,,,,,,,,,,,,,Maumee,,,,2012-03-26 23:30,Eastern,,,,,,,,,,,,,,,,,,HECWL,,,NO,,
11,,,,,15271,A69-9002,,,,,,,walleye,Sander vitreus,,,,,,,,,,,,,,Maumee,,,,2012-03-26 23:30,Eastern,,,,,,,,,,,,,,,,,,HECWL,,,NO,,
12,,,,,15272,A69-9002,,,,,,,walleye,Sander vitreus,,,,,,,,,,,,,,Maumee,,,,2012-03-26 23:30,Eastern,,,,,,,,,,,,,,,,,,HECWL,,,NO,,
13,,,,,15274,A69-9002,,,,,,,walleye,Sander vitreus,,,,,,,,,,,,,,Maumee,,,,2012-03-26 23:30,Eastern,,,,,,,,,,,,,,,,,,HECWL,,,NO,,
14,,,,,15276,A69-9002,,,,,,,walleye,Sander vitreus,,,,,,,,,,,,,,Maumee,,,,2012-03-26 23:30,Eastern,,,,,,,,,,,,,,,,,,HECWL,,,NO,,
15,,,,,15277,A69-9002,,,,,,,walleye,Sander vitreus,,,,,,,,,,,,,,Maumee,,,,2012-03-26 23:30,Eastern,,,,,,,,,,,,,,,,,,HECWL,,,NO,,
16,,,,,15279,A69-9002,,,,,,,walleye,Sander vitreus,,,,,,,,,,,,,,Maumee,,,,2012-03-26 23:30,Eastern,,,,,,,,,,,,,,,,,,HECWL,,,NO,,
17,,,,,15289,A69-9002,,,,,,,walleye,Sander vitreus,,,,,,,,,,,,,,Maumee,,,,2012-03-26 23:30,Eastern,,,,,,,,,,,,,,,,,,HECWL,,,YES,2012-07-01,
18,,,,,16112,A69-9002,,,,,,,walleye,Sander vitreus,,,,,,,,,,,,,,Maumee,,,,2012-03-26 23:30,Eastern,,,,,,,,,,,,,,,,,,HECWL,,,NO,,
19,,,,,16162,A69-9002,,,,,,,walleye,Sander vitreus,,,,,,,,,,,,,,Tittabawassee,,,,2012-03-20 16:00,Eastern,,,,,,,,,,,,,,,,,,HECWL,,,NO,,
20,,,,,16170,A69-9002,,,,,,,walleye,Sander vitreus,,,,,,,,,,,,,,Maumee,,,,2012-03-26 23:30,Eastern,,,,,,,,,,,,,,,,,,HECWL,,,NO,,
21,,,,,16171,A69-9002,,,,,,,walleye,Sander vitreus,,,,,,,,,,,,,,Maumee,,,,2012-03-26 23:30,Eastern,,,,,,,,,,,,,,,,,,HECWL,,,NO,,
22,,,,,16173,A69-9002,,,,,,,walleye,Sander vitreus,,,,,,,,,,,,,,Maumee,,,,2012-03-26 23:30,Eastern,,,,,,,,,,,,,,,,,,HECWL,,,NO,,
23,,,,,16190,A69-9002,,,,,,,walleye,Sander vitreus,,,,,,,,,,,,,,Maumee,,,,2012-03-26 23:30,Eastern,,,,,,,,,,,,,,,,,,HECWL,,,YES,2012-06-01,
24,,,,,16191,A69-9002,,,,,,,walleye,Sander vitreus,,,,,,,,,,,,,,Maumee,,,,2012-03-26 23:30,Eastern,,,,,,,,,,,,,,,,,,HECWL,,,YES,2013-04-07,
25,,,,,16193,A69-9002,,,,,,,walleye,Sander vitreus,,,,,,,,,,,,,,Maumee,,,,2012-03-26 23:30,Eastern,,,,,,,,,,,,,,,,,,HECWL,,,NO,,
26,,,,,16194,A69-9002,,,,,,,walleye,Sander vitreus,,,,,,,,,,,,,,Tittabawassee,,,,2012-03-20 16:00,Eastern,,,,,,,,,,,,,,,,,,HECWL,,,NO,,
27,,,,,16199,A69-9002,,,,,,,walleye,Sander vitreus,,,,,,,,,,,,,,Maumee,,,,2012-03-26 23:30,Eastern,,,,,,,,,,,,,,,,,,HECWL,,,NO,,
28,,,,,31942,A69-9001,,,,,,,walleye,Sander vitreus,,,,,,,,,,,,,,Maumee,,,,2011-03-28 20:30,Eastern,,,,,,,,,,,,,,,,,,HECWL,,,NO,,
30,,,,,31943,A69-9001,,,,,,,walleye,Sander vitreus,,,,,,,,,,,,,,Tittabawassee,,,,2011-04-04 09:35,Eastern,,,,,,,,,,,,,,,,,,HECWL,,,YES,2011-08-20,
29,,,,,31943,A69-9001,,,,,,,walleye,Sander vitreus,,,,,,,,,,,,,,Tittabawassee,,,,2012-03-20 16:00,Eastern,,,,,,,,,,,,,,,,,,HECWL,,,YES,2013-06-16,
31,,,,,31944,A69-9001,,,,,,,walleye,Sander vitreus,,,,,,,,,,,,,,Maumee,,,,2011-03-28 20:30,Eastern,,,,,,,,,,,,,,,,,,HECWL,,,YES,2011-10-01,
32,,,,,31945,A69-9001,,,,,,,walleye,Sander vitreus,,,,,,,,,,,,,,Tittabawassee,,,,2011-04-04 09:36,Eastern,,,,,,,,,,,,,,,,,,HECWL,,,NO,,
33,,,,,31946,A69-9001,,,,,,,walleye,Sander vitreus,,,,,,,,,,,,,,Maumee,,,,2011-03-28 20:44,Eastern,,,,,,,,,,,,,,,,,,HECWL,,,YES,2012-03-19,
510,,,,,31946,A69-9001,,,,,,,walleye,Sander vitreus,,,,,,,,,,,,,,AuGres,,,,2013-04-08 16:00,Eastern,,,,,,,,,,,,,,,,,,HECWL,,,NO,,
34,,,,,31947,A69-9001,,,,,,,walleye,Sander vitreus,,,,,,,,,,,,,,Tittabawassee,,,,2011-04-04 09:44,Eastern,,,,,,,,,,,,,,,,,,HECWL,,,NO,,
35,,,,,31948,A69-9001,,,,,,,walleye,Sander vitreus,,,,,,,,,,,,,,Maumee,,,,2011-03-28 20:37,Eastern,,,,,,,,,,,,,,,,,,HECWL,,,NO,,
36,,,,,31949,A69-9001,,,,,,,walleye,Sander vitreus,,,,,,,,,,,,,,Tittabawassee,,,,2011-04-04 09:45,Eastern,,,,,,,,,,,,,,,,,,HECWL,,,NO,,
37,,,,,31950,A69-9001,,,,,,,walleye,Sander vitreus,,,,,,,,,,,,,,Maumee,,,,2011-03-28 20:49,Eastern,,,,,,,,,,,,,,,,,,HECWL,,,NO,,
38,,,,,31951,A69-9001,,,,,,,walleye,Sander vitreus,,,,,,,,,,,,,,Tittabawassee,,,,2011-04-04 09:53,Eastern,,,,,,,,,,,,,,,,,,HECWL,,,NO,,
39,,,,,31952,A69-9001,,,,,,,walleye,Sander vitreus,,,,,,,,,,,,,,Maumee,,,,2011-03-28 20:10,Eastern,,,,,,,,,,,,,,,,,,HECWL,,,NO,,
41,,,,,31953,A69-9001,,,,,,,walleye,Sander vitreus,,,,,,,,,,,,,,Tittabawassee,,,,2011-04-04 09:54,Eastern,,,,,,,,,,,,,,,,,,HECWL,,,YES,2011-10-09,
526,,,,,32131,A69-9001,,,,,,,walleye,Sander vitreus,,,,,,,,,,,,,,AuGres,,,,2013-04-08 16:00,Eastern,,,,,,,,,,,,,,,,,,HECWL,,,NO,,
40,,,,,31953,A69-9001,,,,,,,walleye,Sander vitreus,,,,,,,,,,,,,,Tittabawassee,,,,2012-03-20 16:00,Eastern,,,,,,,,,,,,,,,,,,HECWL,,,NO,,
43,,,,,31954,A69-9001,,,,,,,walleye,Sander vitreus,,,,,,,,,,,,,,Maumee,,,,2011-03-28 21:02,Eastern,,,,,,,,,,,,,,,,,,HECWL,,,YES,2011-04-09,
42,,,,,31954,A69-9001,,,,,,,walleye,Sander vitreus,,,,,,,,,,,,,,Tittabawassee,,,,2012-03-20 16:00,Eastern,,,,,,,,,,,,,,,,,,HECWL,,,NO,,
44,,,,,31955,A69-9001,,,,,,,walleye,Sander vitreus,,,,,,,,,,,,,,Tittabawassee,,,,2011-04-04 10:04,Eastern,,,,,,,,,,,,,,,,,,HECWL,,,NO,,
45,,,,,31956,A69-9001,,,,,,,walleye,Sander vitreus,,,,,,,,,,,,,,Maumee,,,,2011-03-28 21:02,Eastern,,,,,,,,,,,,,,,,,,HECWL,,,NO,,
46,,,,,31957,A69-9001,,,,,,,walleye,Sander vitreus,,,,,,,,,,,,,,Tittabawassee,,,,2011-04-04 10:00,Eastern,,,,,,,,,,,,,,,,,,HECWL,,,NO,,
47,,,,,31958,A69-9001,,,,,,,walleye,Sander vitreus,,,,,,,,,,,,,,Maumee,,,,2011-03-28 21:10,Eastern,,,,,,,,,,,,,,,,,,HECWL,,,NO,,
48,,,,,31959,A69-9001,,,,,,,walleye,Sander vitreus,,,,,,,,,,,,,,Tittabawassee,,,,2011-04-04 10:00,Eastern,,,,,,,,,,,,,,,,,,HECWL,,,YES,2012-06-23,
517,,,,,31959,A69-9001,,,,,,,walleye,Sander vitreus,,,,,,,,,,,,,,AuGres,,,,2013-04-08 16:00,Eastern,,,,,,,,,,,,,,,,,,HECWL,,,NO,,
49,,,,,31960,A69-9001,,,,,,,walleye,Sander vitreus,,,,,,,,,,,,,,Maumee,,,,2011-03-28 21:30,Eastern,,,,,,,,,,,,,,,,,,HECWL,,,NO,,
50,,,,,31961,A69-9001,,,,,,,walleye,Sander vitreus,,,,,,,,,,,,,,Tittabawassee,,,,2011-04-04 10:03,Eastern,,,,,,,,,,,,,,,,,,HECWL,,,NO,,
51,,,,,31962,A69-9001,,,,,,,walleye,Sander vitreus,,,,,,,,,,,,,,Maumee,,,,2011-03-28 21:35,Eastern,,,,,,,,,,,,,,,,,,HECWL,,,NO,,
52,,,,,31963,A69-9001,,,,,,,walleye,Sander vitreus,,,,,,,,,,,,,,Tittabawassee,,,,2011-04-04 10:09,Eastern,,,,,,,,,,,,,,,,,,HECWL,,,NO,,
53,,,,,31964,A69-9001,,,,,,,walleye,Sander vitreus,,,,,,,,,,,,,,Maumee,,,,2011-03-28 21:30,Eastern,,,,,,,,,,,,,,,,,,HECWL,,,NO,,
54,,,,,31965,A69-9001,,,,,,,walleye,Sander vitreus,,,,,,,,,,,,,,Tittabawassee,,,,2011-04-04 10:11,Eastern,,,,,,,,,,,,,,,,,,HECWL,,,NO,,
55,,,,,31966,A69-9001,,,,,,,walleye,Sander vitreus,,,,,,,,,,,,,,Maumee,,,,2011-03-28 22:00,Eastern,,,,,,,,,,,,,,,,,,HECWL,,,NO,,
56,,,,,31967,A69-9001,,,,,,,walleye,Sander vitreus,,,,,,,,,,,,,,Tittabawassee,,,,2011-04-04 10:21,Eastern,,,,,,,,,,,,,,,,,,HECWL,,,NO,,
57,,,,,31968,A69-9001,,,,,,,walleye,Sander vitreus,,,,,,,,,,,,,,Maumee,,,,2011-03-28 21:58,Eastern,,,,,,,,,,,,,,,,,,HECWL,,,YES,2013-03-30,
58,,,,,31969,A69-9001,,,,,,,walleye,Sander vitreus,,,,,,,,,,,,,,Tittabawassee,,,,2011-04-04 10:23,Eastern,,,,,,,,,,,,,,,,,,HECWL,,,NO,,
59,,,,,31970,A69-9001,,,,,,,walleye,Sander vitreus,,,,,,,,,,,,,,Maumee,,,,2011-03-28 22:00,Eastern,,,,,,,,,,,,,,,,,,HECWL,,,NO,,
60,,,,,31971,A69-9001,,,,,,,walleye,Sander vitreus,,,,,,,,,,,,,,Tittabawassee,,,,2011-04-04 10:23,Eastern,,,,,,,,,,,,,,,,,,HECWL,,,YES,2012-07-05,
537,,,,,31971,A69-9001,,,,,,,walleye,Sander vitreus,,,,,,,,,,,,,,AuGres,,,,2013-04-08 16:00,Eastern,,,,,,,,,,,,,,,,,,HECWL,,,NO,,
62,,,,,31972,A69-9001,,,,,,,walleye,Sander vitreus,,,,,,,,,,,,,,Maumee,,,,2011-03-28 22:00,Eastern,,,,,,,,,,,,,,,,,,HECWL,,,YES,2011-05-31,
61,,,,,31972,A69-9001,,,,,,,walleye,Sander vitreus,,,,,,,,,,,,,,Tittabawassee,,,,2012-03-20 16:00,Eastern,,,,,,,,,,,,,,,,,,HECWL,,,NO,,
63,,,,,31973,A69-9001,,,,,,,walleye,Sander vitreus,,,,,,,,,,,,,,Tittabawassee,,,,2011-04-04 10:22,Eastern,,,,,,,,,,,,,,,,,,HECWL,,,NO,,
64,,,,,31974,A69-9001,,,,,,,walleye,Sander vitreus,,,,,,,,,,,,,,Maumee,,,,2011-03-28 22:01,Eastern,,,,,,,,,,,,,,,,,,HECWL,,,NO,,
65,,,,,31975,A69-9001,,,,,,,walleye,Sander vitreus,,,,,,,,,,,,,,Tittabawassee,,,,2011-04-04 10:31,Eastern,,,,,,,,,,,,,,,,,,HECWL,,,NO,,
66,,,,,31976,A69-9001,,,,,,,walleye,Sander vitreus,,,,,,,,,,,,,,Maumee,,,,2011-03-28 22:01,Eastern,,,,,,,,,,,,,,,,,,HECWL,,,NO,,
67,,,,,31977,A69-9001,,,,,,,walleye,Sander vitreus,,,,,,,,,,,,,,Tittabawassee,,,,2011-04-04 10:31,Eastern,,,,,,,,,,,,,,,,,,HECWL,,,NO,,
68,,,,,31978,A69-9001,,,,,,,walleye,Sander vitreus,,,,,,,,,,,,,,Maumee,,,,2011-03-28 00:28,Eastern,,,,,,,,,,,,,,,,,,HECWL,,,NO,,
69,,,,,31979,A69-9001,,,,,,,walleye,Sander vitreus,,,,,,,,,,,,,,Tittabawassee,,,,2011-04-04 10:39,Eastern,,,,,,,,,,,,,,,,,,HECWL,,,YES,2013-06-08,
70,,,,,31980,A69-9001,,,,,,,walleye,Sander vitreus,,,,,,,,,,,,,,Maumee,,,,2011-03-28 22:19,Eastern,,,,,,,,,,,,,,,,,,HECWL,,,NO,,
71,,,,,31981,A69-9001,,,,,,,walleye,Sander vitreus,,,,,,,,,,,,,,Tittabawassee,,,,2011-04-04 10:46,Eastern,,,,,,,,,,,,,,,,,,HECWL,,,YES,2013-01-01,
72,,,,,31982,A69-9001,,,,,,,walleye,Sander vitreus,,,,,,,,,,,,,,Maumee,,,,2011-03-28 22:20,Eastern,,,,,,,,,,,,,,,,,,HECWL,,,YES,2013-05-29,
73,,,,,31983,A69-9001,,,,,,,walleye,Sander vitreus,,,,,,,,,,,,,,Tittabawassee,,,,2011-04-04 10:47,Eastern,,,,,,,,,,,,,,,,,,HECWL,,,NO,,
74,,,,,31984,A69-9001,,,,,,,walleye,Sander vitreus,,,,,,,,,,,,,,Maumee,,,,2011-03-28 22:21,Eastern,,,,,,,,,,,,,,,,,,HECWL,,,NO,,
75,,,,,31985,A69-9001,,,,,,,walleye,Sander vitreus,,,,,,,,,,,,,,Tittabawassee,,,,2011-04-04 10:45,Eastern,,,,,,,,,,,,,,,,,,HECWL,,,NO,,
76,,,,,31986,A69-9001,,,,,,,walleye,Sander vitreus,,,,,,,,,,,,,,Maumee,,,,2011-03-28 22:31,Eastern,,,,,,,,,,,,,,,,,,HECWL,,,NO,,
77,,,,,31987,A69-9001,,,,,,,walleye,Sander vitreus,,,,,,,,,,,,,,Tittabawassee,,,,2011-04-04 10:46,Eastern,,,,,,,,,,,,,,,,,,HECWL,,,NO,,
80,,,,,31988,A69-9001,,,,,,,walleye,Sander vitreus,,,,,,,,,,,,,,Maumee,,,,2011-03-28 22:31,Eastern,,,,,,,,,,,,,,,,,,HECWL,,,YES,2011-04-16,
81,,,,,31989,A69-9001,,,,,,,walleye,Sander vitreus,,,,,,,,,,,,,,Tittabawassee,,,,2011-04-04 11:05,Eastern,,,,,,,,,,,,,,,,,,HECWL,,,NO,,
82,,,,,31990,A69-9001,,,,,,,walleye,Sander vitreus,,,,,,,,,,,,,,Maumee,,,,2011-03-28 22:42,Eastern,,,,,,,,,,,,,,,,,,HECWL,,,NO,,
83,,,,,31991,A69-9001,,,,,,,walleye,Sander vitreus,,,,,,,,,,,,,,Tittabawassee,,,,2011-04-04 11:05,Eastern,,,,,,,,,,,,,,,,,,HECWL,,,NO,,
84,,,,,31992,A69-9001,,,,,,,walleye,Sander vitreus,,,,,,,,,,,,,,Maumee,,,,2011-03-28 22:43,Eastern,,,,,,,,,,,,,,,,,,HECWL,,,NO,,
86,,,,,31993,A69-9001,,,,,,,walleye,Sander vitreus,,,,,,,,,,,,,,Tittabawassee,,,,2011-04-04 11:13,Eastern,,,,,,,,,,,,,,,,,,HECWL,,,YES,2011-04-25,
85,,,,,31993,A69-9001,,,,,,,walleye,Sander vitreus,,,,,,,,,,,,,,Tittabawassee,,,,2012-03-20 16:00,Eastern,,,,,,,,,,,,,,,,,,HECWL,,,NO,,
87,,,,,31994,A69-9001,,,,,,,walleye,Sander vitreus,,,,,,,,,,,,,,Maumee,,,,2011-03-28 23:02,Eastern,,,,,,,,,,,,,,,,,,HECWL,,,NO,,
88,,,,,31995,A69-9001,,,,,,,walleye,Sander vitreus,,,,,,,,,,,,,,Tittabawassee,,,,2011-04-04 11:23,Eastern,,,,,,,,,,,,,,,,,,HECWL,,,NO,,
89,,,,,31996,A69-9001,,,,,,,walleye,Sander vitreus,,,,,,,,,,,,,,Maumee,,,,2011-03-28 23:05,Eastern,,,,,,,,,,,,,,,,,,HECWL,,,NO,,
90,,,,,31997,A69-9001,,,,,,,walleye,Sander vitreus,,,,,,,,,,,,,,Tittabawassee,,,,2011-04-04 12:20,Eastern,,,,,,,,,,,,,,,,,,HECWL,,,YES,2012-06-16,
519,,,,,31997,A69-9001,,,,,,,walleye,Sander vitreus,,,,,,,,,,,,,,AuGres,,,,2013-04-08 16:00,Eastern,,,,,,,,,,,,,,,,,,HECWL,,,NO,,
91,,,,,31998,A69-9001,,,,,,,walleye,Sander vitreus,,,,,,,,,,,,,,Maumee,,,,2011-03-28 23:16,Eastern,,,,,,,,,,,,,,,,,,HECWL,,,YES,2012-05-19,
523,,,,,31998,A69-9001,,,,,,,walleye,Sander vitreus,,,,,,,,,,,,,,AuGres,,,,2013-04-08 16:00,Eastern,,,,,,,,,,,,,,,,,,HECWL,,,NO,,
92,,,,,31999,A69-9001,,,,,,,walleye,Sander vitreus,,,,,,,,,,,,,,Tittabawassee,,,,2011-04-04 11:15,Eastern,,,,,,,,,,,,,,,,,,HECWL,,,NO,,
94,,,,,32000,A69-9001,,,,,,,walleye,Sander vitreus,,,,,,,,,,,,,,Maumee,,,,2011-03-28 23:16,Eastern,,,,,,,,,,,,,,,,,,HECWL,,,YES,2011-07-08,
93,,,,,32000,A69-9001,,,,,,,walleye,Sander vitreus,,,,,,,,,,,,,,Maumee,,,,2012-03-26 23:30,Eastern,,,,,,,,,,,,,,,,,,HECWL,,,NO,,
107,,,,,32012,A69-9001,,,,,,,walleye,Sander vitreus,,,,,,,,,,,,,,Maumee,,,,2011-03-28 00:01,Eastern,,,,,,,,,,,,,,,,,,HECWL,,,YES,2013-04-19,
95,,,,,32001,A69-9001,,,,,,,walleye,Sander vitreus,,,,,,,,,,,,,,Tittabawassee,,,,2011-04-04 11:20,Eastern,,,,,,,,,,,,,,,,,,HECWL,,,YES,2013-01-01,
96,,,,,32002,A69-9001,,,,,,,walleye,Sander vitreus,,,,,,,,,,,,,,Maumee,,,,2011-03-28 23:26,Eastern,,,,,,,,,,,,,,,,,,HECWL,,,YES,2013-05-01,
98,,,,,32003,A69-9001,,,,,,,walleye,Sander vitreus,,,,,,,,,,,,,,Tittabawassee,,,,2011-04-04 11:27,Eastern,,,,,,,,,,,,,,,,,,HECWL,,,NO,,
99,,,,,32004,A69-9001,,,,,,,walleye,Sander vitreus,,,,,,,,,,,,,,Maumee,,,,2011-03-28 23:27,Eastern,,,,,,,,,,,,,,,,,,HECWL,,,NO,,
100,,,,,32005,A69-9001,,,,,,,walleye,Sander vitreus,,,,,,,,,,,,,,Tittabawassee,,,,2011-04-04 11:27,Eastern,,,,,,,,,,,,,,,,,,HECWL,,,YES,2012-08-05,
521,,,,,32005,A69-9001,,,,,,,walleye,Sander vitreus,,,,,,,,,,,,,,AuGres,,,,2013-04-08 16:00,Eastern,,,,,,,,,,,,,,,,,,HECWL,,,YES,2013-09-20,
101,,,,,32006,A69-9001,,,,,,,walleye,Sander vitreus,,,,,,,,,,,,,,Maumee,,,,2011-03-28 23:42,Eastern,,,,,,,,,,,,,,,,,,HECWL,,,NO,,
102,,,,,32007,A69-9001,,,,,,,walleye,Sander vitreus,,,,,,,,,,,,,,Tittabawassee,,,,2011-04-04 12:05,Eastern,,,,,,,,,,,,,,,,,,HECWL,,,YES,2013-07-18,
103,,,,,32008,A69-9001,,,,,,,walleye,Sander vitreus,,,,,,,,,,,,,,Maumee,,,,2011-03-28 23:41,Eastern,,,,,,,,,,,,,,,,,,HECWL,,,YES,2011-04-14,
104,,,,,32009,A69-9001,,,,,,,walleye,Sander vitreus,,,,,,,,,,,,,,Tittabawassee,,,,2011-04-04 12:11,Eastern,,,,,,,,,,,,,,,,,,HECWL,,,NO,,
105,,,,,32010,A69-9001,,,,,,,walleye,Sander vitreus,,,,,,,,,,,,,,Maumee,,,,2011-03-28 23:42,Eastern,,,,,,,,,,,,,,,,,,HECWL,,,NO,,
106,,,,,32011,A69-9001,,,,,,,walleye,Sander vitreus,,,,,,,,,,,,,,Tittabawassee,,,,2011-04-04 12:20,Eastern,,,,,,,,,,,,,,,,,,HECWL,,,YES,2012-06-23,
133,,,,,32036,A69-9001,,,,,,,walleye,Sander vitreus,,,,,,,,,,,,,,Maumee,,,,2011-03-28 00:55,Eastern,,,,,,,,,,,,,,,,,,HECWL,,,NO,,
108,,,,,32013,A69-9001,,,,,,,walleye,Sander vitreus,,,,,,,,,,,,,,Tittabawassee,,,,2011-04-04 12:15,Eastern,,,,,,,,,,,,,,,,,,HECWL,,,YES,2011-06-05,
109,,,,,32014,A69-9001,,,,,,,walleye,Sander vitreus,,,,,,,,,,,,,,Maumee,,,,2011-03-28 00:05,Eastern,,,,,,,,,,,,,,,,,,HECWL,,,NO,,
110,,,,,32015,A69-9001,,,,,,,walleye,Sander vitreus,,,,,,,,,,,,,,Tittabawassee,,,,2011-04-04 12:05,Eastern,,,,,,,,,,,,,,,,,,HECWL,,,NO,,
111,,,,,32016,A69-9001,,,,,,,walleye,Sander vitreus,,,,,,,,,,,,,,Maumee,,,,2011-03-28 00:41,Eastern,,,,,,,,,,,,,,,,,,HECWL,,,NO,,
112,,,,,32017,A69-9001,,,,,,,walleye,Sander vitreus,,,,,,,,,,,,,,Tittabawassee,,,,2011-04-04 12:11,Eastern,,,,,,,,,,,,,,,,,,HECWL,,,NO,,
113,,,,,32018,A69-9001,,,,,,,walleye,Sander vitreus,,,,,,,,,,,,,,Maumee,,,,2011-03-28 00:55,Eastern,,,,,,,,,,,,,,,,,,HECWL,,,NO,,
114,,,,,32019,A69-9001,,,,,,,walleye,Sander vitreus,,,,,,,,,,,,,,Tittabawassee,,,,2011-04-04 12:20,Eastern,,,,,,,,,,,,,,,,,,HECWL,,,NO,,
115,,,,,32020,A69-9001,,,,,,,walleye,Sander vitreus,,,,,,,,,,,,,,Maumee,,,,2011-03-28 00:13,Eastern,,,,,,,,,,,,,,,,,,HECWL,,,NO,,
116,,,,,32021,A69-9001,,,,,,,walleye,Sander vitreus,,,,,,,,,,,,,,Tittabawassee,,,,2011-04-04 12:20,Eastern,,,,,,,,,,,,,,,,,,HECWL,,,NO,,
117,,,,,32022,A69-9001,,,,,,,walleye,Sander vitreus,,,,,,,,,,,,,,Maumee,,,,2011-03-28 00:55,Eastern,,,,,,,,,,,,,,,,,,HECWL,,,NO,,
119,,,,,32023,A69-9001,,,,,,,walleye,Sander vitreus,,,,,,,,,,,,,,Tittabawassee,,,,2011-04-04 12:21,Eastern,,,,,,,,,,,,,,,,,,HECWL,,,YES,2011-04-29,
118,,,,,32023,A69-9001,,,,,,,walleye,Sander vitreus,,,,,,,,,,,,,,Tittabawassee,,,,2012-03-20 16:00,Eastern,,,,,,,,,,,,,,,,,,HECWL,,,NO,,
120,,,,,32024,A69-9001,,,,,,,walleye,Sander vitreus,,,,,,,,,,,,,,Maumee,,,,2011-03-28 00:00,Eastern,,,,,,,,,,,,,,,,,,HECWL,,,NO,,
121,,,,,32025,A69-9001,,,,,,,walleye,Sander vitreus,,,,,,,,,,,,,,Tittabawassee,,,,2011-04-04 12:25,Eastern,,,,,,,,,,,,,,,,,,HECWL,,,YES,2012-03-31,
546,,,,,32025,A69-9001,,,,,,,walleye,Sander vitreus,,,,,,,,,,,,,,AuGres,,,,2013-04-08 16:00,Eastern,,,,,,,,,,,,,,,,,,HECWL,,,YES,2013-11-21,
122,,,,,32026,A69-9001,,,,,,,walleye,Sander vitreus,,,,,,,,,,,,,,Maumee,,,,2011-03-28 00:55,Eastern,,,,,,,,,,,,,,,,,,HECWL,,,NO,,
123,,,,,32027,A69-9001,,,,,,,walleye,Sander vitreus,,,,,,,,,,,,,,Tittabawassee,,,,2011-04-04 12:35,Eastern,,,,,,,,,,,,,,,,,,HECWL,,,NO,,
124,,,,,32028,A69-9001,,,,,,,walleye,Sander vitreus,,,,,,,,,,,,,,Maumee,,,,2011-03-28 00:27,Eastern,,,,,,,,,,,,,,,,,,HECWL,,,NO,,
125,,,,,32029,A69-9001,,,,,,,walleye,Sander vitreus,,,,,,,,,,,,,,Tittabawassee,,,,2011-04-04 12:36,Eastern,,,,,,,,,,,,,,,,,,HECWL,,,NO,,
126,,,,,32030,A69-9001,,,,,,,walleye,Sander vitreus,,,,,,,,,,,,,,Maumee,,,,2011-03-28 00:41,Eastern,,,,,,,,,,,,,,,,,,HECWL,,,NO,,
127,,,,,32031,A69-9001,,,,,,,walleye,Sander vitreus,,,,,,,,,,,,,,Tittabawassee,,,,2011-04-04 12:50,Eastern,,,,,,,,,,,,,,,,,,HECWL,,,YES,2013-04-26,
129,,,,,32032,A69-9001,,,,,,,walleye,Sander vitreus,,,,,,,,,,,,,,Maumee,,,,2011-03-28 00:40,Eastern,,,,,,,,,,,,,,,,,,HECWL,,,YES,2011-07-12,
128,,,,,32032,A69-9001,,,,,,,walleye,Sander vitreus,,,,,,,,,,,,,,Tittabawassee,,,,2012-03-20 16:00,Eastern,,,,,,,,,,,,,,,,,,HECWL,,,NO,,
130,,,,,32033,A69-9001,,,,,,,walleye,Sander vitreus,,,,,,,,,,,,,,Tittabawassee,,,,2011-04-04 12:43,Eastern,,,,,,,,,,,,,,,,,,HECWL,,,YES,2011-05-22,
131,,,,,32034,A69-9001,,,,,,,walleye,Sander vitreus,,,,,,,,,,,,,,Maumee,,,,2011-03-28 00:55,Eastern,,,,,,,,,,,,,,,,,,HECWL,,,YES,2011-04-12,
132,,,,,32035,A69-9001,,,,,,,walleye,Sander vitreus,,,,,,,,,,,,,,Tittabawassee,,,,2011-04-04 12:43,Eastern,,,,,,,,,,,,,,,,,,HECWL,,,YES,2012-10-05,
514,,,,,32035,A69-9001,,,,,,,walleye,Sander vitreus,,,,,,,,,,,,,,AuGres,,,,2013-04-08 16:00,Eastern,,,,,,,,,,,,,,,,,,HECWL,,,NO,,
134,,,,,32037,A69-9001,,,,,,,walleye,Sander vitreus,,,,,,,,,,,,,,Tittabawassee,,,,2011-04-04 12:45,Eastern,,,,,,,,,,,,,,,,,,HECWL,,,NO,,
135,,,,,32038,A69-9001,,,,,,,walleye,Sander vitreus,,,,,,,,,,,,,,Maumee,,,,2011-03-28 00:55,Eastern,,,,,,,,,,,,,,,,,,HECWL,,,NO,,
136,,,,,32039,A69-9001,,,,,,,walleye,Sander vitreus,,,,,,,,,,,,,,Tittabawassee,,,,2011-04-04 12:49,Eastern,,,,,,,,,,,,,,,,,,HECWL,,,YES,2013-08-29,
137,,,,,32040,A69-9001,,,,,,,walleye,Sander vitreus,,,,,,,,,,,,,,Maumee,,,,2011-03-29 20:31,Eastern,,,,,,,,,,,,,,,,,,HECWL,,,NO,,
139,,,,,32041,A69-9001,,,,,,,walleye,Sander vitreus,,,,,,,,,,,,,,Tittabawassee,,,,2011-04-04 12:49,Eastern,,,,,,,,,,,,,,,,,,HECWL,,,YES,2011-10-23,
138,,,,,32041,A69-9001,,,,,,,walleye,Sander vitreus,,,,,,,,,,,,,,Tittabawassee,,,,2012-03-20 16:00,Eastern,,,,,,,,,,,,,,,,,,HECWL,,,NO,,
141,,,,,32042,A69-9001,,,,,,,walleye,Sander vitreus,,,,,,,,,,,,,,Maumee,,,,2011-03-29 20:32,Eastern,,,,,,,,,,,,,,,,,,HECWL,,,YES,2011-07-22,
140,,,,,32042,A69-9001,,,,,,,walleye,Sander vitreus,,,,,,,,,,,,,,Tittabawassee,,,,2012-03-20 16:00,Eastern,,,,,,,,,,,,,,,,,,HECWL,,,NO,,
142,,,,,32043,A69-9001,,,,,,,walleye,Sander vitreus,,,,,,,,,,,,,,Tittabawassee,,,,2011-04-04 13:02,Eastern,,,,,,,,,,,,,,,,,,HECWL,,,NO,,
143,,,,,32044,A69-9001,,,,,,,walleye,Sander vitreus,,,,,,,,,,,,,,Maumee,,,,2011-03-29 20:39,Eastern,,,,,,,,,,,,,,,,,,HECWL,,,NO,,
144,,,,,32045,A69-9001,,,,,,,walleye,Sander vitreus,,,,,,,,,,,,,,Tittabawassee,,,,2011-04-04 12:55,Eastern,,,,,,,,,,,,,,,,,,HECWL,,,NO,,
145,,,,,32046,A69-9001,,,,,,,walleye,Sander vitreus,,,,,,,,,,,,,,Maumee,,,,2011-03-29 20:46,Eastern,,,,,,,,,,,,,,,,,,HECWL,,,YES,2013-07-30,
146,,,,,32047,A69-9001,,,,,,,walleye,Sander vitreus,,,,,,,,,,,,,,Tittabawassee,,,,2011-04-04 13:01,Eastern,,,,,,,,,,,,,,,,,,HECWL,,,YES,2013-09-19,
147,,,,,32048,A69-9001,,,,,,,walleye,Sander vitreus,,,,,,,,,,,,,,Maumee,,,,2011-03-29 20:46,Eastern,,,,,,,,,,,,,,,,,,HECWL,,,NO,,
148,,,,,32049,A69-9001,,,,,,,walleye,Sander vitreus,,,,,,,,,,,,,,Tittabawassee,,,,2011-04-04 13:03,Eastern,,,,,,,,,,,,,,,,,,HECWL,,,NO,,
149,,,,,32050,A69-9001,,,,,,,walleye,Sander vitreus,,,,,,,,,,,,,,Maumee,,,,2011-03-29 20:50,Eastern,,,,,,,,,,,,,,,,,,HECWL,,,NO,,
150,,,,,32051,A69-9001,,,,,,,walleye,Sander vitreus,,,,,,,,,,,,,,Tittabawassee,,,,2011-04-04 13:10,Eastern,,,,,,,,,,,,,,,,,,HECWL,,,NO,,
151,,,,,32052,A69-9001,,,,,,,walleye,Sander vitreus,,,,,,,,,,,,,,Maumee,,,,2011-03-29 21:05,Eastern,,,,,,,,,,,,,,,,,,HECWL,,,NO,,
152,,,,,32053,A69-9001,,,,,,,walleye,Sander vitreus,,,,,,,,,,,,,,Tittabawassee,,,,2011-04-04 13:17,Eastern,,,,,,,,,,,,,,,,,,HECWL,,,NO,,
154,,,,,32054,A69-9001,,,,,,,walleye,Sander vitreus,,,,,,,,,,,,,,Maumee,,,,2011-03-29 21:05,Eastern,,,,,,,,,,,,,,,,,,HECWL,,,YES,2011-06-19,
153,,,,,32054,A69-9001,,,,,,,walleye,Sander vitreus,,,,,,,,,,,,,,Tittabawassee,,,,2012-03-20 16:00,Eastern,,,,,,,,,,,,,,,,,,HECWL,,,NO,,
155,,,,,32055,A69-9001,,,,,,,walleye,Sander vitreus,,,,,,,,,,,,,,Tittabawassee,,,,2012-03-20 16:00,Eastern,,,,,,,,,,,,,,,,,,HECWL,,,NO,,
156,,,,,32055,A69-9001,,,,,,,walleye,Sander vitreus,,,,,,,,,,,,,,Tittabawassee,,,,2011-04-04 13:27,Eastern,,,,,,,,,,,,,,,,,,HECWL,,,YES,2011-07-31,
157,,,,,32056,A69-9001,,,,,,,walleye,Sander vitreus,,,,,,,,,,,,,,Maumee,,,,2011-03-29 21:06,Eastern,,,,,,,,,,,,,,,,,,HECWL,,,YES,2012-03-14,
520,,,,,32056,A69-9001,,,,,,,walleye,Sander vitreus,,,,,,,,,,,,,,AuGres,,,,2013-04-08 16:00,Eastern,,,,,,,,,,,,,,,,,,HECWL,,,NO,,
158,,,,,32057,A69-9001,,,,,,,walleye,Sander vitreus,,,,,,,,,,,,,,Tittabawassee,,,,2011-04-04 13:16,Eastern,,,,,,,,,,,,,,,,,,HECWL,,,YES,2013-08-22,
159,,,,,32058,A69-9001,,,,,,,walleye,Sander vitreus,,,,,,,,,,,,,,Maumee,,,,2011-03-29 21:06,Eastern,,,,,,,,,,,,,,,,,,HECWL,,,NO,,
160,,,,,32059,A69-9001,,,,,,,walleye,Sander vitreus,,,,,,,,,,,,,,Tittabawassee,,,,2011-04-04 13:18,Eastern,,,,,,,,,,,,,,,,,,HECWL,,,NO,,
161,,,,,32060,A69-9001,,,,,,,walleye,Sander vitreus,,,,,,,,,,,,,,Maumee,,,,2011-03-29 21:10,Eastern,,,,,,,,,,,,,,,,,,HECWL,,,NO,,
162,,,,,32061,A69-9001,,,,,,,walleye,Sander vitreus,,,,,,,,,,,,,,Tittabawassee,,,,2011-04-04 13:27,Eastern,,,,,,,,,,,,,,,,,,HECWL,,,NO,,
163,,,,,32062,A69-9001,,,,,,,walleye,Sander vitreus,,,,,,,,,,,,,,Maumee,,,,2011-03-29 21:26,Eastern,,,,,,,,,,,,,,,,,,HECWL,,,NO,,
164,,,,,32063,A69-9001,,,,,,,walleye,Sander vitreus,,,,,,,,,,,,,,Tittabawassee,,,,2011-04-04 13:27,Eastern,,,,,,,,,,,,,,,,,,HECWL,,,NO,,
165,,,,,32064,A69-9001,,,,,,,walleye,Sander vitreus,,,,,,,,,,,,,,Maumee,,,,2011-03-29 21:25,Eastern,,,,,,,,,,,,,,,,,,HECWL,,,NO,,
166,,,,,32065,A69-9001,,,,,,,walleye,Sander vitreus,,,,,,,,,,,,,,Tittabawassee,,,,2011-04-04 13:28,Eastern,,,,,,,,,,,,,,,,,,HECWL,,,NO,,
168,,,,,32066,A69-9001,,,,,,,walleye,Sander vitreus,,,,,,,,,,,,,,Maumee,,,,2011-03-29 21:27,Eastern,,,,,,,,,,,,,,,,,,HECWL,,,YES,2011-10-03,
167,,,,,32066,A69-9001,,,,,,,walleye,Sander vitreus,,,,,,,,,,,,,,Maumee,,,,2012-03-26 23:30,Eastern,,,,,,,,,,,,,,,,,,HECWL,,,NO,,
169,,,,,32067,A69-9001,,,,,,,walleye,Sander vitreus,,,,,,,,,,,,,,Tittabawassee,,,,2011-04-04 13:27,Eastern,,,,,,,,,,,,,,,,,,HECWL,,,NO,,
170,,,,,32068,A69-9001,,,,,,,walleye,Sander vitreus,,,,,,,,,,,,,,Maumee,,,,2011-03-29 21:34,Eastern,,,,,,,,,,,,,,,,,,HECWL,,,NO,,
171,,,,,32069,A69-9001,,,,,,,walleye,Sander vitreus,,,,,,,,,,,,,,Tittabawassee,,,,2012-03-20 16:00,Eastern,,,,,,,,,,,,,,,,,,HECWL,,,NO,,
172,,,,,32069,A69-9001,,,,,,,walleye,Sander vitreus,,,,,,,,,,,,,,Tittabawassee,,,,2011-04-04 13:41,Eastern,,,,,,,,,,,,,,,,,,HECWL,,,YES,2011-10-11,
174,,,,,32070,A69-9001,,,,,,,walleye,Sander vitreus,,,,,,,,,,,,,,Maumee,,,,2011-03-29 21:43,Eastern,,,,,,,,,,,,,,,,,,HECWL,,,YES,2011-07-15,
173,,,,,32070,A69-9001,,,,,,,walleye,Sander vitreus,,,,,,,,,,,,,,Tittabawassee,,,,2012-03-20 16:00,Eastern,,,,,,,,,,,,,,,,,,HECWL,,,NO,,
175,,,,,32071,A69-9001,,,,,,,walleye,Sander vitreus,,,,,,,,,,,,,,Tittabawassee,,,,2011-04-04 13:41,Eastern,,,,,,,,,,,,,,,,,,HECWL,,,YES,2012-06-14,
500,,,,,32071,A69-9001,,,,,,,walleye,Sander vitreus,,,,,,,,,,,,,,AuGres,,,,2013-04-08 16:00,Eastern,,,,,,,,,,,,,,,,,,HECWL,,,NO,,
176,,,,,32072,A69-9001,,,,,,,walleye,Sander vitreus,,,,,,,,,,,,,,Maumee,,,,2011-03-29 21:43,Eastern,,,,,,,,,,,,,,,,,,HECWL,,,NO,,
177,,,,,32073,A69-9001,,,,,,,walleye,Sander vitreus,,,,,,,,,,,,,,Tittabawassee,,,,2011-04-04 13:42,Eastern,,,,,,,,,,,,,,,,,,HECWL,,,YES,2013-04-27,
178,,,,,32074,A69-9001,,,,,,,walleye,Sander vitreus,,,,,,,,,,,,,,Maumee,,,,2011-03-29 21:43,Eastern,,,,,,,,,,,,,,,,,,HECWL,,,NO,,
179,,,,,32075,A69-9001,,,,,,,walleye,Sander vitreus,,,,,,,,,,,,,,Tittabawassee,,,,2011-04-04 13:42,Eastern,,,,,,,,,,,,,,,,,,HECWL,,,YES,2012-06-23,
507,,,,,32075,A69-9001,,,,,,,walleye,Sander vitreus,,,,,,,,,,,,,,AuGres,,,,2013-04-08 16:00,Eastern,,,,,,,,,,,,,,,,,,HECWL,,,YES,2013-06-24,
180,,,,,32076,A69-9001,,,,,,,walleye,Sander vitreus,,,,,,,,,,,,,,Maumee,,,,2011-03-29 21:43,Eastern,,,,,,,,,,,,,,,,,,HECWL,,,NO,,
181,,,,,32077,A69-9001,,,,,,,walleye,Sander vitreus,,,,,,,,,,,,,,Tittabawassee,,,,2011-04-04 13:54,Eastern,,,,,,,,,,,,,,,,,,HECWL,,,NO,,
182,,,,,32078,A69-9001,,,,,,,walleye,Sander vitreus,,,,,,,,,,,,,,Maumee,,,,2011-03-29 21:55,Eastern,,,,,,,,,,,,,,,,,,HECWL,,,NO,,
183,,,,,32079,A69-9001,,,,,,,walleye,Sander vitreus,,,,,,,,,,,,,,Tittabawassee,,,,2011-04-04 13:54,Eastern,,,,,,,,,,,,,,,,,,HECWL,,,NO,,
184,,,,,32080,A69-9001,,,,,,,walleye,Sander vitreus,,,,,,,,,,,,,,Maumee,,,,2011-03-29 21:54,Eastern,,,,,,,,,,,,,,,,,,HECWL,,,NO,,
199,,,,,32092,A69-9001,,,,,,,walleye,Sander vitreus,,,,,,,,,,,,,,Maumee,,,,2011-03-29 22:23,Eastern,,,,,,,,,,,,,,,,,,HECWL,,,NO,,
185,,,,,32081,A69-9001,,,,,,,walleye,Sander vitreus,,,,,,,,,,,,,,Tittabawassee,,,,2011-04-04 13:54,Eastern,,,,,,,,,,,,,,,,,,HECWL,,,YES,2012-11-18,
525,,,,,32081,A69-9001,,,,,,,walleye,Sander vitreus,,,,,,,,,,,,,,AuGres,,,,2013-04-08 16:00,Eastern,,,,,,,,,,,,,,,,,,HECWL,,,NO,,
186,,,,,32082,A69-9001,,,,,,,walleye,Sander vitreus,,,,,,,,,,,,,,Maumee,,,,2011-03-29 21:59,Eastern,,,,,,,,,,,,,,,,,,HECWL,,,NO,,
188,,,,,32083,A69-9001,,,,,,,walleye,Sander vitreus,,,,,,,,,,,,,,Tittabawassee,,,,2011-04-04 14:03,Eastern,,,,,,,,,,,,,,,,,,HECWL,,,YES,2011-09-17,
187,,,,,32083,A69-9001,,,,,,,walleye,Sander vitreus,,,,,,,,,,,,,,Tittabawassee,,,,2012-03-20 16:00,Eastern,,,,,,,,,,,,,,,,,,HECWL,,,NO,,
189,,,,,32084,A69-9001,,,,,,,walleye,Sander vitreus,,,,,,,,,,,,,,Maumee,,,,2011-03-29 22:03,Eastern,,,,,,,,,,,,,,,,,,HECWL,,,NO,,
190,,,,,32085,A69-9001,,,,,,,walleye,Sander vitreus,,,,,,,,,,,,,,Tittabawassee,,,,2011-04-04 14:04,Eastern,,,,,,,,,,,,,,,,,,HECWL,,,NO,,
191,,,,,32086,A69-9001,,,,,,,walleye,Sander vitreus,,,,,,,,,,,,,,Maumee,,,,2011-03-29 22:09,Eastern,,,,,,,,,,,,,,,,,,HECWL,,,NO,,
192,,,,,32087,A69-9001,,,,,,,walleye,Sander vitreus,,,,,,,,,,,,,,Tittabawassee,,,,2011-04-04 14:15,Eastern,,,,,,,,,,,,,,,,,,HECWL,,,NO,,
193,,,,,32088,A69-9001,,,,,,,walleye,Sander vitreus,,,,,,,,,,,,,,Maumee,,,,2011-03-29 22:10,Eastern,,,,,,,,,,,,,,,,,,HECWL,,,NO,,
196,,,,,32089,A69-9001,,,,,,,walleye,Sander vitreus,,,,,,,,,,,,,,Tittabawassee,,,,2011-04-04 14:15,Eastern,,,,,,,,,,,,,,,,,,HECWL,,,YES,2011-07-10,
549,,,,,32089,A69-9001,,,,,,,walleye,Sander vitreus,,,,,,,,,,,,,,Tittabawassee,,,,2012-03-20 16:00,Eastern,,,,,,,,,,,,,,,,,,HECWL,,,YES,2013-05-08,
197,,,,,32090,A69-9001,,,,,,,walleye,Sander vitreus,,,,,,,,,,,,,,Maumee,,,,2011-03-29 22:11,Eastern,,,,,,,,,,,,,,,,,,HECWL,,,NO,,
198,,,,,32091,A69-9001,,,,,,,walleye,Sander vitreus,,,,,,,,,,,,,,Tittabawassee,,,,2011-04-04 14:16,Eastern,,,,,,,,,,,,,,,,,,HECWL,,,NO,,
200,,,,,32093,A69-9001,,,,,,,walleye,Sander vitreus,,,,,,,,,,,,,,Tittabawassee,,,,2011-04-04 14:25,Eastern,,,,,,,,,,,,,,,,,,HECWL,,,NO,,
201,,,,,32094,A69-9001,,,,,,,walleye,Sander vitreus,,,,,,,,,,,,,,Maumee,,,,2011-03-29 22:23,Eastern,,,,,,,,,,,,,,,,,,HECWL,,,NO,,
202,,,,,32095,A69-9001,,,,,,,walleye,Sander vitreus,,,,,,,,,,,,,,Tittabawassee,,,,2011-04-04 14:25,Eastern,,,,,,,,,,,,,,,,,,HECWL,,,YES,2012-07-13,
542,,,,,32095,A69-9001,,,,,,,walleye,Sander vitreus,,,,,,,,,,,,,,AuGres,,,,2013-04-08 16:00,Eastern,,,,,,,,,,,,,,,,,,HECWL,,,NO,,
203,,,,,32096,A69-9001,,,,,,,walleye,Sander vitreus,,,,,,,,,,,,,,Maumee,,,,2011-03-29 22:22,Eastern,,,,,,,,,,,,,,,,,,HECWL,,,YES,2013-04-03,
204,,,,,32097,A69-9001,,,,,,,walleye,Sander vitreus,,,,,,,,,,,,,,Tittabawassee,,,,2011-04-04 14:25,Eastern,,,,,,,,,,,,,,,,,,HECWL,,,NO,,
205,,,,,32098,A69-9001,,,,,,,walleye,Sander vitreus,,,,,,,,,,,,,,Maumee,,,,2011-03-29 22:38,Eastern,,,,,,,,,,,,,,,,,,HECWL,,,NO,,
207,,,,,32099,A69-9001,,,,,,,walleye,Sander vitreus,,,,,,,,,,,,,,Tittabawassee,,,,2011-04-04 14:25,Eastern,,,,,,,,,,,,,,,,,,HECWL,,,YES,2011-04-30,
206,,,,,32099,A69-9001,,,,,,,walleye,Sander vitreus,,,,,,,,,,,,,,Tittabawassee,,,,2012-03-20 16:00,Eastern,,,,,,,,,,,,,,,,,,HECWL,,,NO,,
208,,,,,32100,A69-9001,,,,,,,walleye,Sander vitreus,,,,,,,,,,,,,,Maumee,,,,2011-03-29 22:38,Eastern,,,,,,,,,,,,,,,,,,HECWL,,,NO,,
210,,,,,32101,A69-9001,,,,,,,walleye,Sander vitreus,,,,,,,,,,,,,,Tittabawassee,,,,2011-04-04 14:37,Eastern,,,,,,,,,,,,,,,,,,HECWL,,,YES,2012-03-10,
209,,,,,32101,A69-9001,,,,,,,walleye,Sander vitreus,,,,,,,,,,,,,,Maumee,,,,2012-03-26 23:30,Eastern,,,,,,,,,,,,,,,,,,HECWL,,,NO,,
211,,,,,32102,A69-9001,,,,,,,walleye,Sander vitreus,,,,,,,,,,,,,,Maumee,,,,2011-03-29 22:46,Eastern,,,,,,,,,,,,,,,,,,HECWL,,,NO,,
212,,,,,32103,A69-9001,,,,,,,walleye,Sander vitreus,,,,,,,,,,,,,,Tittabawassee,,,,2011-04-04 14:37,Eastern,,,,,,,,,,,,,,,,,,HECWL,,,NO,,
213,,,,,32104,A69-9001,,,,,,,walleye,Sander vitreus,,,,,,,,,,,,,,Maumee,,,,2011-03-29 22:46,Eastern,,,,,,,,,,,,,,,,,,HECWL,,,NO,,
215,,,,,32105,A69-9001,,,,,,,walleye,Sander vitreus,,,,,,,,,,,,,,Tittabawassee,,,,2011-04-04 14:37,Eastern,,,,,,,,,,,,,,,,,,HECWL,,,YES,2011-07-28,
214,,,,,32105,A69-9001,,,,,,,walleye,Sander vitreus,,,,,,,,,,,,,,Tittabawassee,,,,2012-03-20 16:00,Eastern,,,,,,,,,,,,,,,,,,HECWL,,,YES,2013-05-04,
216,,,,,32106,A69-9001,,,,,,,walleye,Sander vitreus,,,,,,,,,,,,,,Maumee,,,,2011-03-29 22:59,Eastern,,,,,,,,,,,,,,,,,,HECWL,,,NO,,
217,,,,,32107,A69-9001,,,,,,,walleye,Sander vitreus,,,,,,,,,,,,,,Tittabawassee,,,,2011-04-04 14:42,Eastern,,,,,,,,,,,,,,,,,,HECWL,,,NO,,
218,,,,,32108,A69-9001,,,,,,,walleye,Sander vitreus,,,,,,,,,,,,,,Maumee,,,,2011-03-29 23:09,Eastern,,,,,,,,,,,,,,,,,,HECWL,,,YES,2012-03-15,
534,,,,,32108,A69-9001,,,,,,,walleye,Sander vitreus,,,,,,,,,,,,,,AuGres,,,,2013-04-08 16:00,Eastern,,,,,,,,,,,,,,,,,,HECWL,,,NO,,
219,,,,,32109,A69-9001,,,,,,,walleye,Sander vitreus,,,,,,,,,,,,,,Tittabawassee,,,,2011-04-04 14:41,Eastern,,,,,,,,,,,,,,,,,,HECWL,,,NO,,
220,,,,,32110,A69-9001,,,,,,,walleye,Sander vitreus,,,,,,,,,,,,,,Maumee,,,,2011-03-29 22:59,Eastern,,,,,,,,,,,,,,,,,,HECWL,,,NO,,
221,,,,,32111,A69-9001,,,,,,,walleye,Sander vitreus,,,,,,,,,,,,,,Tittabawassee,,,,2011-04-04 14:48,Eastern,,,,,,,,,,,,,,,,,,HECWL,,,NO,,
222,,,,,32112,A69-9001,,,,,,,walleye,Sander vitreus,,,,,,,,,,,,,,Maumee,,,,2011-03-29 23:10,Eastern,,,,,,,,,,,,,,,,,,HECWL,,,NO,,
223,,,,,32113,A69-9001,,,,,,,walleye,Sander vitreus,,,,,,,,,,,,,,Tittabawassee,,,,2011-04-04 14:48,Eastern,,,,,,,,,,,,,,,,,,HECWL,,,NO,,
224,,,,,32114,A69-9001,,,,,,,walleye,Sander vitreus,,,,,,,,,,,,,,Maumee,,,,2011-03-29 23:09,Eastern,,,,,,,,,,,,,,,,,,HECWL,,,YES,2012-06-24,
530,,,,,32114,A69-9001,,,,,,,walleye,Sander vitreus,,,,,,,,,,,,,,AuGres,,,,2013-04-08 16:00,Eastern,,,,,,,,,,,,,,,,,,HECWL,,,NO,,
225,,,,,32115,A69-9001,,,,,,,walleye,Sander vitreus,,,,,,,,,,,,,,Tittabawassee,,,,2011-04-04 14:48,Eastern,,,,,,,,,,,,,,,,,,HECWL,,,NO,,
226,,,,,32116,A69-9001,,,,,,,walleye,Sander vitreus,,,,,,,,,,,,,,Maumee,,,,2011-03-29 23:18,Eastern,,,,,,,,,,,,,,,,,,HECWL,,,NO,,
228,,,,,32117,A69-9001,,,,,,,walleye,Sander vitreus,,,,,,,,,,,,,,Tittabawassee,,,,2011-04-04 15:06,Eastern,,,,,,,,,,,,,,,,,,HECWL,,,YES,2011-06-03,
227,,,,,32117,A69-9001,,,,,,,walleye,Sander vitreus,,,,,,,,,,,,,,Maumee,,,,2012-03-26 23:30,Eastern,,,,,,,,,,,,,,,,,,HECWL,,,NO,,
229,,,,,32118,A69-9001,,,,,,,walleye,Sander vitreus,,,,,,,,,,,,,,Maumee,,,,2011-03-29 00:50,Eastern,,,,,,,,,,,,,,,,,,HECWL,,,NO,,
230,,,,,32119,A69-9001,,,,,,,walleye,Sander vitreus,,,,,,,,,,,,,,Tittabawassee,,,,2011-04-04 14:59,Eastern,,,,,,,,,,,,,,,,,,HECWL,,,YES,2012-04-08,
516,,,,,32119,A69-9001,,,,,,,walleye,Sander vitreus,,,,,,,,,,,,,,AuGres,,,,2013-04-08 16:00,Eastern,,,,,,,,,,,,,,,,,,HECWL,,,NO,,
231,,,,,32120,A69-9001,,,,,,,walleye,Sander vitreus,,,,,,,,,,,,,,Maumee,,,,2011-03-29 23:29,Eastern,,,,,,,,,,,,,,,,,,HECWL,,,NO,,
232,,,,,32121,A69-9001,,,,,,,walleye,Sander vitreus,,,,,,,,,,,,,,Tittabawassee,,,,2011-04-04 15:00,Eastern,,,,,,,,,,,,,,,,,,HECWL,,,YES,2012-06-16,
505,,,,,32121,A69-9001,,,,,,,walleye,Sander vitreus,,,,,,,,,,,,,,AuGres,,,,2013-04-08 16:00,Eastern,,,,,,,,,,,,,,,,,,HECWL,,,YES,2013-07-07,
233,,,,,32122,A69-9001,,,,,,,walleye,Sander vitreus,,,,,,,,,,,,,,Maumee,,,,2011-03-29 23:29,Eastern,,,,,,,,,,,,,,,,,,HECWL,,,NO,,
235,,,,,32123,A69-9001,,,,,,,walleye,Sander vitreus,,,,,,,,,,,,,,Tittabawassee,,,,2011-04-04 15:14,Eastern,,,,,,,,,,,,,,,,,,HECWL,,,YES,2011-07-11,
234,,,,,32123,A69-9001,,,,,,,walleye,Sander vitreus,,,,,,,,,,,,,,Tittabawassee,,,,2012-03-20 16:00,Eastern,,,,,,,,,,,,,,,,,,HECWL,,,NO,,
236,,,,,32124,A69-9001,,,,,,,walleye,Sander vitreus,,,,,,,,,,,,,,Maumee,,,,2011-03-29 23:38,Eastern,,,,,,,,,,,,,,,,,,HECWL,,,NO,,
237,,,,,32125,A69-9001,,,,,,,walleye,Sander vitreus,,,,,,,,,,,,,,Tittabawassee,,,,2011-04-04 15:15,Eastern,,,,,,,,,,,,,,,,,,HECWL,,,NO,,
239,,,,,32126,A69-9001,,,,,,,walleye,Sander vitreus,,,,,,,,,,,,,,Maumee,,,,2011-03-29 23:43,Eastern,,,,,,,,,,,,,,,,,,HECWL,,,YES,2011-05-25,
238,,,,,32126,A69-9001,,,,,,,walleye,Sander vitreus,,,,,,,,,,,,,,Maumee,,,,2012-03-26 23:30,Eastern,,,,,,,,,,,,,,,,,,HECWL,,,YES,2012-11-20,
527,,,,,32126,A69-9001,,,,,,,walleye,Sander vitreus,,,,,,,,,,,,,,AuGres,,,,2013-04-08 16:00,Eastern,,,,,,,,,,,,,,,,,,HECWL,,,NO,,
240,,,,,32127,A69-9001,,,,,,,walleye,Sander vitreus,,,,,,,,,,,,,,Tittabawassee,,,,2011-04-04 15:20,Eastern,,,,,,,,,,,,,,,,,,HECWL,,,YES,2012-07-13,
512,,,,,32127,A69-9001,,,,,,,walleye,Sander vitreus,,,,,,,,,,,,,,AuGres,,,,2013-04-08 16:00,Eastern,,,,,,,,,,,,,,,,,,HECWL,,,NO,,
241,,,,,32128,A69-9001,,,,,,,walleye,Sander vitreus,,,,,,,,,,,,,,Maumee,,,,2011-03-29 23:47,Eastern,,,,,,,,,,,,,,,,,,HECWL,,,NO,,
242,,,,,32129,A69-9001,,,,,,,walleye,Sander vitreus,,,,,,,,,,,,,,Tittabawassee,,,,2011-04-04 15:16,Eastern,,,,,,,,,,,,,,,,,,HECWL,,,YES,2013-06-14,
244,,,,,32130,A69-9001,,,,,,,walleye,Sander vitreus,,,,,,,,,,,,,,Maumee,,,,2011-03-29 23:59,Eastern,,,,,,,,,,,,,,,,,,HECWL,,,YES,2011-04-02,
243,,,,,32130,A69-9001,,,,,,,walleye,Sander vitreus,,,,,,,,,,,,,,Tittabawassee,,,,2012-03-20 16:00,Eastern,,,,,,,,,,,,,,,,,,HECWL,,,NO,,
246,,,,,32131,A69-9001,,,,,,,walleye,Sander vitreus,,,,,,,,,,,,,,Tittabawassee,,,,2011-04-04 15:22,Eastern,,,,,,,,,,,,,,,,,,HECWL,,,YES,2011-06-08,
245,,,,,32131,A69-9001,,,,,,,walleye,Sander vitreus,,,,,,,,,,,,,,Tittabawassee,,,,2012-03-20 16:00,Eastern,,,,,,,,,,,,,,,,,,HECWL,,,YES,2012-07-08,
247,,,,,32132,A69-9001,,,,,,,walleye,Sander vitreus,,,,,,,,,,,,,,Maumee,,,,2011-03-29 00:01,Eastern,,,,,,,,,,,,,,,,,,HECWL,,,NO,,
248,,,,,32133,A69-9001,,,,,,,walleye,Sander vitreus,,,,,,,,,,,,,,Tittabawassee,,,,2012-03-20 16:00,Eastern,,,,,,,,,,,,,,,,,,HECWL,,,YES,2013-05-02,
249,,,,,32133,A69-9001,,,,,,,walleye,Sander vitreus,,,,,,,,,,,,,,Tittabawassee,,,,2011-04-04 15:30,Eastern,,,,,,,,,,,,,,,,,,HECWL,,,YES,2011-07-09,
250,,,,,32134,A69-9001,,,,,,,walleye,Sander vitreus,,,,,,,,,,,,,,Maumee,,,,2011-03-29 00:27,Eastern,,,,,,,,,,,,,,,,,,HECWL,,,NO,,
251,,,,,32135,A69-9001,,,,,,,walleye,Sander vitreus,,,,,,,,,,,,,,Tittabawassee,,,,2011-04-04 15:25,Eastern,,,,,,,,,,,,,,,,,,HECWL,,,NO,,
253,,,,,32136,A69-9001,,,,,,,walleye,Sander vitreus,,,,,,,,,,,,,,Maumee,,,,2011-03-29 00:12,Eastern,,,,,,,,,,,,,,,,,,HECWL,,,YES,2011-04-13,
252,,,,,32136,A69-9001,,,,,,,walleye,Sander vitreus,,,,,,,,,,,,,,Tittabawassee,,,,2012-03-20 16:00,Eastern,,,,,,,,,,,,,,,,,,HECWL,,,YES,2013-07-20,
254,,,,,32137,A69-9001,,,,,,,walleye,Sander vitreus,,,,,,,,,,,,,,Tittabawassee,,,,2011-04-04 15:26,Eastern,,,,,,,,,,,,,,,,,,HECWL,,,NO,,
255,,,,,32138,A69-9001,,,,,,,walleye,Sander vitreus,,,,,,,,,,,,,,Maumee,,,,2011-03-29 00:13,Eastern,,,,,,,,,,,,,,,,,,HECWL,,,YES,2012-05-24,
506,,,,,32138,A69-9001,,,,,,,walleye,Sander vitreus,,,,,,,,,,,,,,AuGres,,,,2013-04-08 16:00,Eastern,,,,,,,,,,,,,,,,,,HECWL,,,NO,,
256,,,,,32139,A69-9001,,,,,,,walleye,Sander vitreus,,,,,,,,,,,,,,Tittabawassee,,,,2011-04-04 15:48,Eastern,,,,,,,,,,,,,,,,,,HECWL,,,NO,,
257,,,,,32140,A69-9001,,,,,,,walleye,Sander vitreus,,,,,,,,,,,,,,Maumee,,,,2011-03-29 00:13,Eastern,,,,,,,,,,,,,,,,,,HECWL,,,NO,,
259,,,,,32141,A69-9001,,,,,,,walleye,Sander vitreus,,,,,,,,,,,,,,Tittabawassee,,,,2011-04-04 15:37,Eastern,,,,,,,,,,,,,,,,,,HECWL,,,YES,2011-06-08,
258,,,,,32141,A69-9001,,,,,,,walleye,Sander vitreus,,,,,,,,,,,,,,Tittabawassee,,,,2012-03-20 16:00,Eastern,,,,,,,,,,,,,,,,,,HECWL,,,YES,2013-02-10,
528,,,,,32141,A69-9001,,,,,,,walleye,Sander vitreus,,,,,,,,,,,,,,AuGres,,,,2013-04-08 16:00,Eastern,,,,,,,,,,,,,,,,,,HECWL,,,NO,,
260,,,,,32142,A69-9001,,,,,,,walleye,Sander vitreus,,,,,,,,,,,,,,Maumee,,,,2011-03-29 00:27,Eastern,,,,,,,,,,,,,,,,,,HECWL,,,NO,,
261,,,,,32143,A69-9001,,,,,,,walleye,Sander vitreus,,,,,,,,,,,,,,Tittabawassee,,,,2011-04-04 15:42,Eastern,,,,,,,,,,,,,,,,,,HECWL,,,NO,,
262,,,,,32144,A69-9001,,,,,,,walleye,Sander vitreus,,,,,,,,,,,,,,Maumee,,,,2011-03-29 00:45,Eastern,,,,,,,,,,,,,,,,,,HECWL,,,NO,,
263,,,,,32145,A69-9001,,,,,,,walleye,Sander vitreus,,,,,,,,,,,,,,Tittabawassee,,,,2012-03-20 16:00,Eastern,,,,,,,,,,,,,,,,,,HECWL,,,YES,2012-10-23,
264,,,,,32145,A69-9001,,,,,,,walleye,Sander vitreus,,,,,,,,,,,,,,Tittabawassee,,,,2011-04-04 15:47,Eastern,,,,,,,,,,,,,,,,,,HECWL,,,YES,2011-05-07,
515,,,,,32145,A69-9001,,,,,,,walleye,Sander vitreus,,,,,,,,,,,,,,AuGres,,,,2013-04-08 16:00,Eastern,,,,,,,,,,,,,,,,,,HECWL,,,NO,,
265,,,,,32146,A69-9001,,,,,,,walleye,Sander vitreus,,,,,,,,,,,,,,Maumee,,,,2011-03-29 00:28,Eastern,,,,,,,,,,,,,,,,,,HECWL,,,NO,,
266,,,,,32147,A69-9001,,,,,,,walleye,Sander vitreus,,,,,,,,,,,,,,Tittabawassee,,,,2011-04-04 14:46,Eastern,,,,,,,,,,,,,,,,,,HECWL,,,NO,,
268,,,,,32148,A69-9001,,,,,,,walleye,Sander vitreus,,,,,,,,,,,,,,Maumee,,,,2011-03-29 00:35,Eastern,,,,,,,,,,,,,,,,,,HECWL,,,YES,2012-02-08,
267,,,,,32148,A69-9001,,,,,,,walleye,Sander vitreus,,,,,,,,,,,,,,Tittabawassee,,,,2012-03-20 16:00,Eastern,,,,,,,,,,,,,,,,,,HECWL,,,NO,,
269,,,,,32149,A69-9001,,,,,,,walleye,Sander vitreus,,,,,,,,,,,,,,Tittabawassee,,,,2011-04-04 15:38,Eastern,,,,,,,,,,,,,,,,,,HECWL,,,YES,2012-04-24,
524,,,,,32149,A69-9001,,,,,,,walleye,Sander vitreus,,,,,,,,,,,,,,AuGres,,,,2013-04-08 16:00,Eastern,,,,,,,,,,,,,,,,,,HECWL,,,NO,,
270,,,,,32150,A69-9001,,,,,,,walleye,Sander vitreus,,,,,,,,,,,,,,Maumee,,,,2011-03-29 00:36,Eastern,,,,,,,,,,,,,,,,,,HECWL,,,NO,,
271,,,,,32151,A69-9001,,,,,,,walleye,Sander vitreus,,,,,,,,,,,,,,Tittabawassee,,,,2011-04-04 15:54,Eastern,,,,,,,,,,,,,,,,,,HECWL,,,NO,,
272,,,,,32152,A69-9001,,,,,,,walleye,Sander vitreus,,,,,,,,,,,,,,Maumee,,,,2011-03-29 00:45,Eastern,,,,,,,,,,,,,,,,,,HECWL,,,YES,2012-04-01,
504,,,,,32152,A69-9001,,,,,,,walleye,Sander vitreus,,,,,,,,,,,,,,AuGres,,,,2013-04-08 16:00,Eastern,,,,,,,,,,,,,,,,,,HECWL,,,NO,,
273,,,,,32153,A69-9001,,,,,,,walleye,Sander vitreus,,,,,,,,,,,,,,Tittabawassee,,,,2011-04-04 15:56,Eastern,,,,,,,,,,,,,,,,,,HECWL,,,NO,,
274,,,,,32154,A69-9001,,,,,,,walleye,Sander vitreus,,,,,,,,,,,,,,Maumee,,,,2011-03-29 00:41,Eastern,,,,,,,,,,,,,,,,,,HECWL,,,NO,,
275,,,,,32155,A69-9001,,,,,,,walleye,Sander vitreus,,,,,,,,,,,,,,Tittabawassee,,,,2011-04-04 15:56,Eastern,,,,,,,,,,,,,,,,,,HECWL,,,NO,,
276,,,,,32156,A69-9001,,,,,,,walleye,Sander vitreus,,,,,,,,,,,,,,Maumee,,,,2011-03-29 00:50,Eastern,,,,,,,,,,,,,,,,,,HECWL,,,NO,,
278,,,,,32157,A69-9001,,,,,,,walleye,Sander vitreus,,,,,,,,,,,,,,Tittabawassee,,,,2011-04-04 15:59,Eastern,,,,,,,,,,,,,,,,,,HECWL,,,YES,2011-06-11,
277,,,,,32157,A69-9001,,,,,,,walleye,Sander vitreus,,,,,,,,,,,,,,Tittabawassee,,,,2012-03-20 16:00,Eastern,,,,,,,,,,,,,,,,,,HECWL,,,YES,2012-06-27,
503,,,,,32157,A69-9001,,,,,,,walleye,Sander vitreus,,,,,,,,,,,,,,AuGres,,,,2013-04-08 16:00,Eastern,,,,,,,,,,,,,,,,,,HECWL,,,NO,,
279,,,,,32158,A69-9001,,,,,,,walleye,Sander vitreus,,,,,,,,,,,,,,Maumee,,,,2011-03-29 00:50,Eastern,,,,,,,,,,,,,,,,,,HECWL,,,NO,,
281,,,,,32159,A69-9001,,,,,,,walleye,Sander vitreus,,,,,,,,,,,,,,Tittabawassee,,,,2011-04-04 16:10,Eastern,,,,,,,,,,,,,,,,,,HECWL,,,YES,2011-05-13,
280,,,,,32159,A69-9001,,,,,,,walleye,Sander vitreus,,,,,,,,,,,,,,Tittabawassee,,,,2012-03-20 16:00,Eastern,,,,,,,,,,,,,,,,,,HECWL,,,NO,,
282,,,,,32160,A69-9001,,,,,,,walleye,Sander vitreus,,,,,,,,,,,,,,Maumee,,,,2011-03-30 20:21,Eastern,,,,,,,,,,,,,,,,,,HECWL,,,YES,2012-08-19,
283,,,,,32161,A69-9001,,,,,,,walleye,Sander vitreus,,,,,,,,,,,,,,Tittabawassee,,,,2011-04-04 16:10,Eastern,,,,,,,,,,,,,,,,,,HECWL,,,NO,,
284,,,,,32162,A69-9001,,,,,,,walleye,Sander vitreus,,,,,,,,,,,,,,Maumee,,,,2011-03-30 20:20,Eastern,,,,,,,,,,,,,,,,,,HECWL,,,NO,,
286,,,,,32163,A69-9001,,,,,,,walleye,Sander vitreus,,,,,,,,,,,,,,Tittabawassee,,,,2011-04-05 09:48,Eastern,,,,,,,,,,,,,,,,,,HECWL,,,YES,2011-05-21,
285,,,,,32163,A69-9001,,,,,,,walleye,Sander vitreus,,,,,,,,,,,,,,Tittabawassee,,,,2012-03-20 16:00,Eastern,,,,,,,,,,,,,,,,,,HECWL,,,YES,2013-11-16,
287,,,,,32164,A69-9001,,,,,,,walleye,Sander vitreus,,,,,,,,,,,,,,Maumee,,,,2011-03-30 00:00,Eastern,,,,,,,,,,,,,,,,,,HECWL,,,NO,,
288,,,,,32165,A69-9001,,,,,,,walleye,Sander vitreus,,,,,,,,,,,,,,Tittabawassee,,,,2011-04-05 09:49,Eastern,,,,,,,,,,,,,,,,,,HECWL,,,YES,2013-04-30,
289,,,,,32166,A69-9001,,,,,,,walleye,Sander vitreus,,,,,,,,,,,,,,Maumee,,,,2011-03-30 20:31,Eastern,,,,,,,,,,,,,,,,,,HECWL,,,YES,2012-03-15,
531,,,,,32166,A69-9001,,,,,,,walleye,Sander vitreus,,,,,,,,,,,,,,AuGres,,,,2013-04-08 16:00,Eastern,,,,,,,,,,,,,,,,,,HECWL,,,YES,2013-06-24,
290,,,,,32167,A69-9001,,,,,,,walleye,Sander vitreus,,,,,,,,,,,,,,Tittabawassee,,,,2011-04-05 09:48,Eastern,,,,,,,,,,,,,,,,,,HECWL,,,NO,,
291,,,,,32168,A69-9001,,,,,,,walleye,Sander vitreus,,,,,,,,,,,,,,Maumee,,,,2011-03-30 20:31,Eastern,,,,,,,,,,,,,,,,,,HECWL,,,NO,,
292,,,,,32169,A69-9001,,,,,,,walleye,Sander vitreus,,,,,,,,,,,,,,Tittabawassee,,,,2011-04-05 09:50,Eastern,,,,,,,,,,,,,,,,,,HECWL,,,NO,,
293,,,,,32170,A69-9001,,,,,,,walleye,Sander vitreus,,,,,,,,,,,,,,Maumee,,,,2011-03-30 20:42,Eastern,,,,,,,,,,,,,,,,,,HECWL,,,NO,,
295,,,,,32171,A69-9001,,,,,,,walleye,Sander vitreus,,,,,,,,,,,,,,Tittabawassee,,,,2011-04-05 10:20,Eastern,,,,,,,,,,,,,,,,,,HECWL,,,YES,2011-05-23,
294,,,,,32171,A69-9001,,,,,,,walleye,Sander vitreus,,,,,,,,,,,,,,Tittabawassee,,,,2012-03-20 16:00,Eastern,,,,,,,,,,,,,,,,,,HECWL,,,NO,,
296,,,,,32172,A69-9001,,,,,,,walleye,Sander vitreus,,,,,,,,,,,,,,Maumee,,,,2011-03-30 20:43,Eastern,,,,,,,,,,,,,,,,,,HECWL,,,YES,2012-03-20,
509,,,,,32172,A69-9001,,,,,,,walleye,Sander vitreus,,,,,,,,,,,,,,AuGres,,,,2013-04-08 16:00,Eastern,,,,,,,,,,,,,,,,,,HECWL,,,NO,,
297,,,,,32173,A69-9001,,,,,,,walleye,Sander vitreus,,,,,,,,,,,,,,Tittabawassee,,,,2011-04-05 10:01,Eastern,,,,,,,,,,,,,,,,,,HECWL,,,NO,,
298,,,,,32174,A69-9001,,,,,,,walleye,Sander vitreus,,,,,,,,,,,,,,Maumee,,,,2011-03-30 20:56,Eastern,,,,,,,,,,,,,,,,,,HECWL,,,NO,,
299,,,,,32175,A69-9001,,,,,,,walleye,Sander vitreus,,,,,,,,,,,,,,Tittabawassee,,,,2011-04-05 10:02,Eastern,,,,,,,,,,,,,,,,,,HECWL,,,NO,,
300,,,,,32176,A69-9001,,,,,,,walleye,Sander vitreus,,,,,,,,,,,,,,Maumee,,,,2011-03-30 20:57,Eastern,,,,,,,,,,,,,,,,,,HECWL,,,NO,,
301,,,,,32177,A69-9001,,,,,,,walleye,Sander vitreus,,,,,,,,,,,,,,Tittabawassee,,,,2011-04-05 10:02,Eastern,,,,,,,,,,,,,,,,,,HECWL,,,NO,,
302,,,,,32178,A69-9001,,,,,,,walleye,Sander vitreus,,,,,,,,,,,,,,Maumee,,,,2011-03-30 20:57,Eastern,,,,,,,,,,,,,,,,,,HECWL,,,NO,,
303,,,,,32179,A69-9001,,,,,,,walleye,Sander vitreus,,,,,,,,,,,,,,Tittabawassee,,,,2011-04-05 10:21,Eastern,,,,,,,,,,,,,,,,,,HECWL,,,NO,,
304,,,,,32180,A69-9001,,,,,,,walleye,Sander vitreus,,,,,,,,,,,,,,Maumee,,,,2011-03-30 20:57,Eastern,,,,,,,,,,,,,,,,,,HECWL,,,NO,,
305,,,,,32181,A69-9001,,,,,,,walleye,Sander vitreus,,,,,,,,,,,,,,Tittabawassee,,,,2011-04-05 10:09,Eastern,,,,,,,,,,,,,,,,,,HECWL,,,YES,2013-08-02,
306,,,,,32182,A69-9001,,,,,,,walleye,Sander vitreus,,,,,,,,,,,,,,Maumee,,,,2011-03-30 21:11,Eastern,,,,,,,,,,,,,,,,,,HECWL,,,NO,,
307,,,,,32183,A69-9001,,,,,,,walleye,Sander vitreus,,,,,,,,,,,,,,Tittabawassee,,,,2011-04-05 10:25,Eastern,,,,,,,,,,,,,,,,,,HECWL,,,YES,2011-07-03,
308,,,,,32184,A69-9001,,,,,,,walleye,Sander vitreus,,,,,,,,,,,,,,Maumee,,,,2011-03-30 21:12,Eastern,,,,,,,,,,,,,,,,,,HECWL,,,YES,2012-04-04,
499,,,,,32184,A69-9001,,,,,,,walleye,Sander vitreus,,,,,,,,,,,,,,AuGres,,,,2013-04-08 16:00,Eastern,,,,,,,,,,,,,,,,,,HECWL,,,NO,,
309,,,,,32185,A69-9001,,,,,,,walleye,Sander vitreus,,,,,,,,,,,,,,Tittabawassee,,,,2011-04-05 10:26,Eastern,,,,,,,,,,,,,,,,,,HECWL,,,YES,2012-07-14,
501,,,,,32185,A69-9001,,,,,,,walleye,Sander vitreus,,,,,,,,,,,,,,AuGres,,,,2013-04-08 16:00,Eastern,,,,,,,,,,,,,,,,,,HECWL,,,NO,,
310,,,,,32186,A69-9001,,,,,,,walleye,Sander vitreus,,,,,,,,,,,,,,Maumee,,,,2011-03-30 21:12,Eastern,,,,,,,,,,,,,,,,,,HECWL,,,YES,2013-08-02,
311,,,,,32187,A69-9001,,,,,,,walleye,Sander vitreus,,,,,,,,,,,,,,Tittabawassee,,,,2011-04-05 10:33,Eastern,,,,,,,,,,,,,,,,,,HECWL,,,NO,,
312,,,,,32188,A69-9001,,,,,,,walleye,Sander vitreus,,,,,,,,,,,,,,Maumee,,,,2011-03-30 21:13,Eastern,,,,,,,,,,,,,,,,,,HECWL,,,NO,,
313,,,,,32189,A69-9001,,,,,,,walleye,Sander vitreus,,,,,,,,,,,,,,Tittabawassee,,,,2011-04-05 10:39,Eastern,,,,,,,,,,,,,,,,,,HECWL,,,YES,2012-04-26,
548,,,,,32189,A69-9001,,,,,,,walleye,Sander vitreus,,,,,,,,,,,,,,AuGres,,,,2013-04-08 16:00,Eastern,,,,,,,,,,,,,,,,,,HECWL,,,NO,,
314,,,,,32190,A69-9001,,,,,,,walleye,Sander vitreus,,,,,,,,,,,,,,Maumee,,,,2011-03-30 21:28,Eastern,,,,,,,,,,,,,,,,,,HECWL,,,NO,,
315,,,,,32191,A69-9001,,,,,,,walleye,Sander vitreus,,,,,,,,,,,,,,Tittabawassee,,,,2011-04-05 10:44,Eastern,,,,,,,,,,,,,,,,,,HECWL,,,NO,,
316,,,,,32192,A69-9001,,,,,,,walleye,Sander vitreus,,,,,,,,,,,,,,Maumee,,,,2011-03-30 21:27,Eastern,,,,,,,,,,,,,,,,,,HECWL,,,NO,,
317,,,,,32193,A69-9001,,,,,,,walleye,Sander vitreus,,,,,,,,,,,,,,Tittabawassee,,,,2011-04-05 10:42,Eastern,,,,,,,,,,,,,,,,,,HECWL,,,YES,2012-05-18,
540,,,,,32193,A69-9001,,,,,,,walleye,Sander vitreus,,,,,,,,,,,,,,AuGres,,,,2013-04-08 16:00,Eastern,,,,,,,,,,,,,,,,,,HECWL,,,YES,2013-05-19,
318,,,,,32194,A69-9001,,,,,,,walleye,Sander vitreus,,,,,,,,,,,,,,Maumee,,,,2011-03-30 21:33,Eastern,,,,,,,,,,,,,,,,,,HECWL,,,NO,,
319,,,,,32195,A69-9001,,,,,,,walleye,Sander vitreus,,,,,,,,,,,,,,Tittabawassee,,,,2011-04-05 11:04,Eastern,,,,,,,,,,,,,,,,,,HECWL,,,NO,,
321,,,,,32196,A69-9001,,,,,,,walleye,Sander vitreus,,,,,,,,,,,,,,Maumee,,,,2011-03-30 21:32,Eastern,,,,,,,,,,,,,,,,,,HECWL,,,YES,2011-08-24,
320,,,,,32196,A69-9001,,,,,,,walleye,Sander vitreus,,,,,,,,,,,,,,Maumee,,,,2012-03-26 23:30,Eastern,,,,,,,,,,,,,,,,,,HECWL,,,NO,,
322,,,,,32197,A69-9001,,,,,,,walleye,Sander vitreus,,,,,,,,,,,,,,Tittabawassee,,,,2011-04-05 10:57,Eastern,,,,,,,,,,,,,,,,,,HECWL,,,NO,,
323,,,,,32198,A69-9001,,,,,,,walleye,Sander vitreus,,,,,,,,,,,,,,Maumee,,,,2011-03-30 21:42,Eastern,,,,,,,,,,,,,,,,,,HECWL,,,NO,,
324,,,,,32199,A69-9001,,,,,,,walleye,Sander vitreus,,,,,,,,,,,,,,Tittabawassee,,,,2011-04-05 10:59,Eastern,,,,,,,,,,,,,,,,,,HECWL,,,NO,,
325,,,,,32200,A69-9001,,,,,,,walleye,Sander vitreus,,,,,,,,,,,,,,Maumee,,,,2011-03-30 21:45,Eastern,,,,,,,,,,,,,,,,,,HECWL,,,NO,,
326,,,,,32201,A69-9001,,,,,,,walleye,Sander vitreus,,,,,,,,,,,,,,Tittabawassee,,,,2011-04-05 10:58,Eastern,,,,,,,,,,,,,,,,,,HECWL,,,NO,,
327,,,,,32202,A69-9001,,,,,,,walleye,Sander vitreus,,,,,,,,,,,,,,Maumee,,,,2011-03-30 21:53,Eastern,,,,,,,,,,,,,,,,,,HECWL,,,NO,,
328,,,,,32203,A69-9001,,,,,,,walleye,Sander vitreus,,,,,,,,,,,,,,Tittabawassee,,,,2011-04-05 11:05,Eastern,,,,,,,,,,,,,,,,,,HECWL,,,NO,,
513,,,,,32213,A69-9001,,,,,,,walleye,Sander vitreus,,,,,,,,,,,,,,AuGres,,,,2013-04-08 16:00,Eastern,,,,,,,,,,,,,,,,,,HECWL,,,NO,,
330,,,,,32204,A69-9001,,,,,,,walleye,Sander vitreus,,,,,,,,,,,,,,Maumee,,,,2011-03-30 21:52,Eastern,,,,,,,,,,,,,,,,,,HECWL,,,YES,2011-06-11,
329,,,,,32204,A69-9001,,,,,,,walleye,Sander vitreus,,,,,,,,,,,,,,Maumee,,,,2012-03-26 23:30,Eastern,,,,,,,,,,,,,,,,,,HECWL,,,NO,,
331,,,,,32205,A69-9001,,,,,,,walleye,Sander vitreus,,,,,,,,,,,,,,Tittabawassee,,,,2011-04-05 10:58,Eastern,,,,,,,,,,,,,,,,,,HECWL,,,NO,,
332,,,,,32206,A69-9001,,,,,,,walleye,Sander vitreus,,,,,,,,,,,,,,Maumee,,,,2011-03-30 22:02,Eastern,,,,,,,,,,,,,,,,,,HECWL,,,NO,,
334,,,,,32207,A69-9001,,,,,,,walleye,Sander vitreus,,,,,,,,,,,,,,Tittabawassee,,,,2011-04-05 11:05,Eastern,,,,,,,,,,,,,,,,,,HECWL,,,YES,2011-05-18,
333,,,,,32207,A69-9001,,,,,,,walleye,Sander vitreus,,,,,,,,,,,,,,Maumee,,,,2012-03-26 23:30,Eastern,,,,,,,,,,,,,,,,,,HECWL,,,NO,,
335,,,,,32208,A69-9001,,,,,,,walleye,Sander vitreus,,,,,,,,,,,,,,Maumee,,,,2011-03-30 22:03,Eastern,,,,,,,,,,,,,,,,,,HECWL,,,NO,,
336,,,,,32209,A69-9001,,,,,,,walleye,Sander vitreus,,,,,,,,,,,,,,Tittabawassee,,,,2011-04-05 11:09,Eastern,,,,,,,,,,,,,,,,,,HECWL,,,NO,,
337,,,,,32210,A69-9001,,,,,,,walleye,Sander vitreus,,,,,,,,,,,,,,Maumee,,,,2011-03-30 22:04,Eastern,,,,,,,,,,,,,,,,,,HECWL,,,NO,,
338,,,,,32211,A69-9001,,,,,,,walleye,Sander vitreus,,,,,,,,,,,,,,Tittabawassee,,,,2011-04-05 11:14,Eastern,,,,,,,,,,,,,,,,,,HECWL,,,YES,2012-11-04,
535,,,,,32211,A69-9001,,,,,,,walleye,Sander vitreus,,,,,,,,,,,,,,AuGres,,,,2013-04-08 16:00,Eastern,,,,,,,,,,,,,,,,,,HECWL,,,NO,,
339,,,,,32212,A69-9001,,,,,,,walleye,Sander vitreus,,,,,,,,,,,,,,Maumee,,,,2011-03-30 22:19,Eastern,,,,,,,,,,,,,,,,,,HECWL,,,NO,,
340,,,,,32213,A69-9001,,,,,,,walleye,Sander vitreus,,,,,,,,,,,,,,Tittabawassee,,,,2011-04-05 11:35,Eastern,,,,,,,,,,,,,,,,,,HECWL,,,YES,2012-10-20,
341,,,,,32214,A69-9001,,,,,,,walleye,Sander vitreus,,,,,,,,,,,,,,Maumee,,,,2011-03-30 22:30,Eastern,,,,,,,,,,,,,,,,,,HECWL,,,NO,,
342,,,,,32215,A69-9001,,,,,,,walleye,Sander vitreus,,,,,,,,,,,,,,Tittabawassee,,,,2011-04-05 11:48,Eastern,,,,,,,,,,,,,,,,,,HECWL,,,NO,,
343,,,,,32216,A69-9001,,,,,,,walleye,Sander vitreus,,,,,,,,,,,,,,Maumee,,,,2011-03-30 22:19,Eastern,,,,,,,,,,,,,,,,,,HECWL,,,NO,,
344,,,,,32217,A69-9001,,,,,,,walleye,Sander vitreus,,,,,,,,,,,,,,Tittabawassee,,,,2011-04-05 11:27,Eastern,,,,,,,,,,,,,,,,,,HECWL,,,NO,,
345,,,,,32218,A69-9001,,,,,,,walleye,Sander vitreus,,,,,,,,,,,,,,Maumee,,,,2011-03-30 22:20,Eastern,,,,,,,,,,,,,,,,,,HECWL,,,YES,2012-03-29,
518,,,,,32218,A69-9001,,,,,,,walleye,Sander vitreus,,,,,,,,,,,,,,AuGres,,,,2013-04-08 16:00,Eastern,,,,,,,,,,,,,,,,,,HECWL,,,NO,,
346,,,,,32219,A69-9001,,,,,,,walleye,Sander vitreus,,,,,,,,,,,,,,Tittabawassee,,,,2011-04-05 11:26,Eastern,,,,,,,,,,,,,,,,,,HECWL,,,NO,,
347,,,,,32220,A69-9001,,,,,,,walleye,Sander vitreus,,,,,,,,,,,,,,Maumee,,,,2011-03-30 22:29,Eastern,,,,,,,,,,,,,,,,,,HECWL,,,YES,2012-06-06,
508,,,,,32220,A69-9001,,,,,,,walleye,Sander vitreus,,,,,,,,,,,,,,AuGres,,,,2013-04-08 16:00,Eastern,,,,,,,,,,,,,,,,,,HECWL,,,NO,,
348,,,,,32221,A69-9001,,,,,,,walleye,Sander vitreus,,,,,,,,,,,,,,Tittabawassee,,,,2011-04-05 11:32,Eastern,,,,,,,,,,,,,,,,,,HECWL,,,NO,,
349,,,,,32222,A69-9001,,,,,,,walleye,Sander vitreus,,,,,,,,,,,,,,Maumee,,,,2011-03-30 22:30,Eastern,,,,,,,,,,,,,,,,,,HECWL,,,NO,,
350,,,,,32223,A69-9001,,,,,,,walleye,Sander vitreus,,,,,,,,,,,,,,Tittabawassee,,,,2011-04-05 11:43,Eastern,,,,,,,,,,,,,,,,,,HECWL,,,NO,,
351,,,,,32224,A69-9001,,,,,,,walleye,Sander vitreus,,,,,,,,,,,,,,Maumee,,,,2011-03-30 00:00,Eastern,,,,,,,,,,,,,,,,,,HECWL,,,NO,,
352,,,,,32225,A69-9001,,,,,,,walleye,Sander vitreus,,,,,,,,,,,,,,Tittabawassee,,,,2011-04-05 11:48,Eastern,,,,,,,,,,,,,,,,,,HECWL,,,NO,,
353,,,,,32226,A69-9001,,,,,,,walleye,Sander vitreus,,,,,,,,,,,,,,Maumee,,,,2011-03-30 22:39,Eastern,,,,,,,,,,,,,,,,,,HECWL,,,NO,,
354,,,,,32227,A69-9001,,,,,,,walleye,Sander vitreus,,,,,,,,,,,,,,Tittabawassee,,,,2011-04-05 11:49,Eastern,,,,,,,,,,,,,,,,,,HECWL,,,NO,,
355,,,,,32228,A69-9001,,,,,,,walleye,Sander vitreus,,,,,,,,,,,,,,Maumee,,,,2011-03-30 22:40,Eastern,,,,,,,,,,,,,,,,,,HECWL,,,NO,,
357,,,,,32229,A69-9001,,,,,,,walleye,Sander vitreus,,,,,,,,,,,,,,Tittabawassee,,,,2011-04-05 11:17,Eastern,,,,,,,,,,,,,,,,,,HECWL,,,YES,2011-07-03,
356,,,,,32229,A69-9001,,,,,,,walleye,Sander vitreus,,,,,,,,,,,,,,Tittabawassee,,,,2012-03-20 16:00,Eastern,,,,,,,,,,,,,,,,,,HECWL,,,YES,2012-06-10,
538,,,,,32229,A69-9001,,,,,,,walleye,Sander vitreus,,,,,,,,,,,,,,AuGres,,,,2013-04-08 16:00,Eastern,,,,,,,,,,,,,,,,,,HECWL,,,NO,,
358,,,,,32230,A69-9001,,,,,,,walleye,Sander vitreus,,,,,,,,,,,,,,Maumee,,,,2011-03-30 22:40,Eastern,,,,,,,,,,,,,,,,,,HECWL,,,YES,2012-03-18,
545,,,,,32230,A69-9001,,,,,,,walleye,Sander vitreus,,,,,,,,,,,,,,AuGres,,,,2013-04-08 16:00,Eastern,,,,,,,,,,,,,,,,,,HECWL,,,NO,,
359,,,,,32231,A69-9001,,,,,,,walleye,Sander vitreus,,,,,,,,,,,,,,Tittabawassee,,,,2011-04-05 11:48,Eastern,,,,,,,,,,,,,,,,,,HECWL,,,NO,,
360,,,,,32232,A69-9001,,,,,,,walleye,Sander vitreus,,,,,,,,,,,,,,Maumee,,,,2011-03-30 22:53,Eastern,,,,,,,,,,,,,,,,,,HECWL,,,NO,,
361,,,,,32233,A69-9001,,,,,,,walleye,Sander vitreus,,,,,,,,,,,,,,Tittabawassee,,,,2011-04-05 12:04,Eastern,,,,,,,,,,,,,,,,,,HECWL,,,YES,2013-04-28,
362,,,,,32234,A69-9001,,,,,,,walleye,Sander vitreus,,,,,,,,,,,,,,Maumee,,,,2011-03-30 22:53,Eastern,,,,,,,,,,,,,,,,,,HECWL,,,YES,2012-08-16,
511,,,,,32234,A69-9001,,,,,,,walleye,Sander vitreus,,,,,,,,,,,,,,AuGres,,,,2013-04-08 16:00,Eastern,,,,,,,,,,,,,,,,,,HECWL,,,NO,,
363,,,,,32235,A69-9001,,,,,,,walleye,Sander vitreus,,,,,,,,,,,,,,Tittabawassee,,,,2011-04-05 12:04,Eastern,,,,,,,,,,,,,,,,,,HECWL,,,NO,,
364,,,,,32236,A69-9001,,,,,,,walleye,Sander vitreus,,,,,,,,,,,,,,Maumee,,,,2011-03-30 22:54,Eastern,,,,,,,,,,,,,,,,,,HECWL,,,NO,,
365,,,,,32237,A69-9001,,,,,,,walleye,Sander vitreus,,,,,,,,,,,,,,Tittabawassee,,,,2011-04-05 11:57,Eastern,,,,,,,,,,,,,,,,,,HECWL,,,NO,,
366,,,,,32238,A69-9001,,,,,,,walleye,Sander vitreus,,,,,,,,,,,,,,Maumee,,,,2011-03-30 23:05,Eastern,,,,,,,,,,,,,,,,,,HECWL,,,NO,,
367,,,,,32239,A69-9001,,,,,,,walleye,Sander vitreus,,,,,,,,,,,,,,Tittabawassee,,,,2011-04-05 13:07,Eastern,,,,,,,,,,,,,,,,,,HECWL,,,NO,,
368,,,,,32240,A69-9001,,,,,,,walleye,Sander vitreus,,,,,,,,,,,,,,Maumee,,,,2011-03-30 23:06,Eastern,,,,,,,,,,,,,,,,,,HECWL,,,YES,2013-04-30,
369,,,,,32241,A69-9001,,,,,,,walleye,Sander vitreus,,,,,,,,,,,,,,Tittabawassee,,,,2011-04-05 12:04,Eastern,,,,,,,,,,,,,,,,,,HECWL,,,YES,2012-06-10,
541,,,,,32241,A69-9001,,,,,,,walleye,Sander vitreus,,,,,,,,,,,,,,AuGres,,,,2013-04-08 16:00,Eastern,,,,,,,,,,,,,,,,,,HECWL,,,NO,,
370,,,,,32242,A69-9001,,,,,,,walleye,Sander vitreus,,,,,,,,,,,,,,Maumee,,,,2011-03-30 23:12,Eastern,,,,,,,,,,,,,,,,,,HECWL,,,NO,,
372,,,,,32243,A69-9001,,,,,,,walleye,Sander vitreus,,,,,,,,,,,,,,Tittabawassee,,,,2011-04-05 12:23,Eastern,,,,,,,,,,,,,,,,,,HECWL,,,YES,2011-07-16,
371,,,,,32243,A69-9001,,,,,,,walleye,Sander vitreus,,,,,,,,,,,,,,Tittabawassee,,,,2012-03-20 16:00,Eastern,,,,,,,,,,,,,,,,,,HECWL,,,YES,2012-05-28,
547,,,,,32243,A69-9001,,,,,,,walleye,Sander vitreus,,,,,,,,,,,,,,AuGres,,,,2013-04-08 16:00,Eastern,,,,,,,,,,,,,,,,,,HECWL,,,NO,,
373,,,,,32244,A69-9001,,,,,,,walleye,Sander vitreus,,,,,,,,,,,,,,Maumee,,,,2011-03-30 23:11,Eastern,,,,,,,,,,,,,,,,,,HECWL,,,NO,,
374,,,,,32245,A69-9001,,,,,,,walleye,Sander vitreus,,,,,,,,,,,,,,Tittabawassee,,,,2011-04-05 12:22,Eastern,,,,,,,,,,,,,,,,,,HECWL,,,YES,2012-07-31,
544,,,,,32245,A69-9001,,,,,,,walleye,Sander vitreus,,,,,,,,,,,,,,AuGres,,,,2013-04-08 16:00,Eastern,,,,,,,,,,,,,,,,,,HECWL,,,NO,,
375,,,,,32246,A69-9001,,,,,,,walleye,Sander vitreus,,,,,,,,,,,,,,Maumee,,,,2011-03-30 23:21,Eastern,,,,,,,,,,,,,,,,,,HECWL,,,NO,,
376,,,,,32247,A69-9001,,,,,,,walleye,Sander vitreus,,,,,,,,,,,,,,Tittabawassee,,,,2011-04-05 12:24,Eastern,,,,,,,,,,,,,,,,,,HECWL,,,NO,,
377,,,,,32248,A69-9001,,,,,,,walleye,Sander vitreus,,,,,,,,,,,,,,Maumee,,,,2011-03-30 23:21,Eastern,,,,,,,,,,,,,,,,,,HECWL,,,NO,,
378,,,,,32249,A69-9001,,,,,,,walleye,Sander vitreus,,,,,,,,,,,,,,Tittabawassee,,,,2011-04-05 12:25,Eastern,,,,,,,,,,,,,,,,,,HECWL,,,NO,,
379,,,,,32250,A69-9001,,,,,,,walleye,Sander vitreus,,,,,,,,,,,,,,Maumee,,,,2011-03-30 23:38,Eastern,,,,,,,,,,,,,,,,,,HECWL,,,NO,,
380,,,,,32251,A69-9001,,,,,,,walleye,Sander vitreus,,,,,,,,,,,,,,Tittabawassee,,,,2011-04-05 12:24,Eastern,,,,,,,,,,,,,,,,,,HECWL,,,NO,,
381,,,,,32252,A69-9001,,,,,,,walleye,Sander vitreus,,,,,,,,,,,,,,Maumee,,,,2011-03-30 23:37,Eastern,,,,,,,,,,,,,,,,,,HECWL,,,NO,,
382,,,,,32253,A69-9001,,,,,,,walleye,Sander vitreus,,,,,,,,,,,,,,Tittabawassee,,,,2011-04-05 12:30,Eastern,,,,,,,,,,,,,,,,,,HECWL,,,NO,,
383,,,,,32254,A69-9001,,,,,,,walleye,Sander vitreus,,,,,,,,,,,,,,Maumee,,,,2011-03-30 23:44,Eastern,,,,,,,,,,,,,,,,,,HECWL,,,NO,,
384,,,,,32255,A69-9001,,,,,,,walleye,Sander vitreus,,,,,,,,,,,,,,Tittabawassee,,,,2011-04-05 12:37,Eastern,,,,,,,,,,,,,,,,,,HECWL,,,NO,,
386,,,,,32256,A69-9001,,,,,,,walleye,Sander vitreus,,,,,,,,,,,,,,Maumee,,,,2011-03-30 23:39,Eastern,,,,,,,,,,,,,,,,,,HECWL,,,YES,2011-04-13,
385,,,,,32256,A69-9001,,,,,,,walleye,Sander vitreus,,,,,,,,,,,,,,Tittabawassee,,,,2012-03-20 16:00,Eastern,,,,,,,,,,,,,,,,,,HECWL,,,NO,,
387,,,,,32257,A69-9001,,,,,,,walleye,Sander vitreus,,,,,,,,,,,,,,Tittabawassee,,,,2011-04-05 12:38,Eastern,,,,,,,,,,,,,,,,,,HECWL,,,NO,,
388,,,,,32258,A69-9001,,,,,,,walleye,Sander vitreus,,,,,,,,,,,,,,Maumee,,,,2011-03-30 23:45,Eastern,,,,,,,,,,,,,,,,,,HECWL,,,NO,,
389,,,,,32259,A69-9001,,,,,,,walleye,Sander vitreus,,,,,,,,,,,,,,Tittabawassee,,,,2011-04-05 12:44,Eastern,,,,,,,,,,,,,,,,,,HECWL,,,NO,,
390,,,,,32260,A69-9001,,,,,,,walleye,Sander vitreus,,,,,,,,,,,,,,Maumee,,,,2011-03-30 23:45,Eastern,,,,,,,,,,,,,,,,,,HECWL,,,NO,,
391,,,,,32261,A69-9001,,,,,,,walleye,Sander vitreus,,,,,,,,,,,,,,Tittabawassee,,,,2011-04-05 12:55,Eastern,,,,,,,,,,,,,,,,,,HECWL,,,YES,2012-08-26,
539,,,,,32261,A69-9001,,,,,,,walleye,Sander vitreus,,,,,,,,,,,,,,AuGres,,,,2013-04-08 16:00,Eastern,,,,,,,,,,,,,,,,,,HECWL,,,NO,,
392,,,,,32262,A69-9001,,,,,,,walleye,Sander vitreus,,,,,,,,,,,,,,Maumee,,,,2011-03-30 23:53,Eastern,,,,,,,,,,,,,,,,,,HECWL,,,NO,,
393,,,,,32263,A69-9001,,,,,,,walleye,Sander vitreus,,,,,,,,,,,,,,Tittabawassee,,,,2011-04-05 12:45,Eastern,,,,,,,,,,,,,,,,,,HECWL,,,NO,,
394,,,,,32264,A69-9001,,,,,,,walleye,Sander vitreus,,,,,,,,,,,,,,Maumee,,,,2011-03-30 23:56,Eastern,,,,,,,,,,,,,,,,,,HECWL,,,NO,,
396,,,,,32265,A69-9001,,,,,,,walleye,Sander vitreus,,,,,,,,,,,,,,Tittabawassee,,,,2011-04-05 12:55,Eastern,,,,,,,,,,,,,,,,,,HECWL,,,YES,2011-07-05,
395,,,,,32265,A69-9001,,,,,,,walleye,Sander vitreus,,,,,,,,,,,,,,Tittabawassee,,,,2012-03-20 16:00,Eastern,,,,,,,,,,,,,,,,,,HECWL,,,NO,,
397,,,,,32266,A69-9001,,,,,,,walleye,Sander vitreus,,,,,,,,,,,,,,Maumee,,,,2011-03-30 23:53,Eastern,,,,,,,,,,,,,,,,,,HECWL,,,NO,,
398,,,,,32267,A69-9001,,,,,,,walleye,Sander vitreus,,,,,,,,,,,,,,Tittabawassee,,,,2011-04-05 12:56,Eastern,,,,,,,,,,,,,,,,,,HECWL,,,NO,,
399,,,,,32268,A69-9001,,,,,,,walleye,Sander vitreus,,,,,,,,,,,,,,Maumee,,,,2011-03-30 00:04,Eastern,,,,,,,,,,,,,,,,,,HECWL,,,NO,,
400,,,,,32269,A69-9001,,,,,,,walleye,Sander vitreus,,,,,,,,,,,,,,Tittabawassee,,,,2011-04-05 13:06,Eastern,,,,,,,,,,,,,,,,,,HECWL,,,NO,,
401,,,,,32270,A69-9001,,,,,,,walleye,Sander vitreus,,,,,,,,,,,,,,Maumee,,,,2011-03-30 00:03,Eastern,,,,,,,,,,,,,,,,,,HECWL,,,NO,,
402,,,,,32271,A69-9001,,,,,,,walleye,Sander vitreus,,,,,,,,,,,,,,Tittabawassee,,,,2011-04-05 13:01,Eastern,,,,,,,,,,,,,,,,,,HECWL,,,NO,,
403,,,,,32272,A69-9001,,,,,,,walleye,Sander vitreus,,,,,,,,,,,,,,Maumee,,,,2011-03-30 00:13,Eastern,,,,,,,,,,,,,,,,,,HECWL,,,NO,,
404,,,,,32273,A69-9001,,,,,,,walleye,Sander vitreus,,,,,,,,,,,,,,Tittabawassee,,,,2011-04-05 13:05,Eastern,,,,,,,,,,,,,,,,,,HECWL,,,NO,,
405,,,,,32274,A69-9001,,,,,,,walleye,Sander vitreus,,,,,,,,,,,,,,Maumee,,,,2011-03-30 00:12,Eastern,,,,,,,,,,,,,,,,,,HECWL,,,NO,,
406,,,,,32275,A69-9001,,,,,,,walleye,Sander vitreus,,,,,,,,,,,,,,Tittabawassee,,,,2011-04-05 13:14,Eastern,,,,,,,,,,,,,,,,,,HECWL,,,NO,,
408,,,,,32276,A69-9001,,,,,,,walleye,Sander vitreus,,,,,,,,,,,,,,Maumee,,,,2011-03-30 00:13,Eastern,,,,,,,,,,,,,,,,,,HECWL,,,YES,2011-04-17,
407,,,,,32276,A69-9001,,,,,,,walleye,Sander vitreus,,,,,,,,,,,,,,Tittabawassee,,,,2012-03-20 16:00,Eastern,,,,,,,,,,,,,,,,,,HECWL,,,NO,,
409,,,,,32277,A69-9001,,,,,,,walleye,Sander vitreus,,,,,,,,,,,,,,Tittabawassee,,,,2011-04-05 13:16,Eastern,,,,,,,,,,,,,,,,,,HECWL,,,NO,,
410,,,,,32278,A69-9001,,,,,,,walleye,Sander vitreus,,,,,,,,,,,,,,Maumee,,,,2011-03-30 00:25,Eastern,,,,,,,,,,,,,,,,,,HECWL,,,NO,,
411,,,,,32279,A69-9001,,,,,,,walleye,Sander vitreus,,,,,,,,,,,,,,Tittabawassee,,,,2011-04-05 13:12,Eastern,,,,,,,,,,,,,,,,,,HECWL,,,NO,,
412,,,,,32280,A69-9001,,,,,,,walleye,Sander vitreus,,,,,,,,,,,,,,Maumee,,,,2011-03-30 00:30,Eastern,,,,,,,,,,,,,,,,,,HECWL,,,NO,,
413,,,,,32281,A69-9001,,,,,,,walleye,Sander vitreus,,,,,,,,,,,,,,Tittabawassee,,,,2011-04-05 13:13,Eastern,,,,,,,,,,,,,,,,,,HECWL,,,NO,,
414,,,,,32282,A69-9001,,,,,,,walleye,Sander vitreus,,,,,,,,,,,,,,Maumee,,,,2011-04-06 20:49,Eastern,,,,,,,,,,,,,,,,,,HECWL,,,NO,,
415,,,,,32283,A69-9001,,,,,,,walleye,Sander vitreus,,,,,,,,,,,,,,Tittabawassee,,,,2011-04-05 13:25,Eastern,,,,,,,,,,,,,,,,,,HECWL,,,NO,,
416,,,,,32284,A69-9001,,,,,,,walleye,Sander vitreus,,,,,,,,,,,,,,Maumee,,,,2011-04-06 20:49,Eastern,,,,,,,,,,,,,,,,,,HECWL,,,NO,,
417,,,,,32285,A69-9001,,,,,,,walleye,Sander vitreus,,,,,,,,,,,,,,Tittabawassee,,,,2011-04-05 13:16,Eastern,,,,,,,,,,,,,,,,,,HECWL,,,NO,,
418,,,,,32286,A69-9001,,,,,,,walleye,Sander vitreus,,,,,,,,,,,,,,Maumee,,,,2011-04-06 20:50,Eastern,,,,,,,,,,,,,,,,,,HECWL,,,NO,,
419,,,,,32287,A69-9001,,,,,,,walleye,Sander vitreus,,,,,,,,,,,,,,Tittabawassee,,,,2011-04-05 13:28,Eastern,,,,,,,,,,,,,,,,,,HECWL,,,NO,,
420,,,,,32288,A69-9001,,,,,,,walleye,Sander vitreus,,,,,,,,,,,,,,Maumee,,,,2011-04-06 21:45,Eastern,,,,,,,,,,,,,,,,,,HECWL,,,NO,,
421,,,,,32289,A69-9001,,,,,,,walleye,Sander vitreus,,,,,,,,,,,,,,Tittabawassee,,,,2011-04-05 13:39,Eastern,,,,,,,,,,,,,,,,,,HECWL,,,NO,,
422,,,,,32290,A69-9001,,,,,,,walleye,Sander vitreus,,,,,,,,,,,,,,Maumee,,,,2011-04-06 21:06,Eastern,,,,,,,,,,,,,,,,,,HECWL,,,YES,2012-09-28,
502,,,,,32290,A69-9001,,,,,,,walleye,Sander vitreus,,,,,,,,,,,,,,AuGres,,,,2013-04-08 16:00,Eastern,,,,,,,,,,,,,,,,,,HECWL,,,YES,2013-09-29,
423,,,,,32291,A69-9001,,,,,,,walleye,Sander vitreus,,,,,,,,,,,,,,Tittabawassee,,,,2011-04-05 13:50,Eastern,,,,,,,,,,,,,,,,,,HECWL,,,NO,,
424,,,,,32292,A69-9001,,,,,,,walleye,Sander vitreus,,,,,,,,,,,,,,Maumee,,,,2011-04-06 21:05,Eastern,,,,,,,,,,,,,,,,,,HECWL,,,NO,,
425,,,,,32293,A69-9001,,,,,,,walleye,Sander vitreus,,,,,,,,,,,,,,Tittabawassee,,,,2011-04-05 13:48,Eastern,,,,,,,,,,,,,,,,,,HECWL,,,NO,,
426,,,,,32294,A69-9001,,,,,,,walleye,Sander vitreus,,,,,,,,,,,,,,Maumee,,,,2011-04-06 21:35,Eastern,,,,,,,,,,,,,,,,,,HECWL,,,YES,2012-06-19,
532,,,,,32294,A69-9001,,,,,,,walleye,Sander vitreus,,,,,,,,,,,,,,AuGres,,,,2013-04-08 16:00,Eastern,,,,,,,,,,,,,,,,,,HECWL,,,NO,,
427,,,,,32295,A69-9001,,,,,,,walleye,Sander vitreus,,,,,,,,,,,,,,Tittabawassee,,,,2011-04-05 14:23,Eastern,,,,,,,,,,,,,,,,,,HECWL,,,YES,2012-05-02,
529,,,,,32295,A69-9001,,,,,,,walleye,Sander vitreus,,,,,,,,,,,,,,AuGres,,,,2013-04-08 16:00,Eastern,,,,,,,,,,,,,,,,,,HECWL,,,NO,,
428,,,,,32296,A69-9001,,,,,,,walleye,Sander vitreus,,,,,,,,,,,,,,Maumee,,,,2011-04-06 21:45,Eastern,,,,,,,,,,,,,,,,,,HECWL,,,NO,,
429,,,,,32297,A69-9001,,,,,,,walleye,Sander vitreus,,,,,,,,,,,,,,Tittabawassee,,,,2011-04-05 13:47,Eastern,,,,,,,,,,,,,,,,,,HECWL,,,NO,,
430,,,,,32298,A69-9001,,,,,,,walleye,Sander vitreus,,,,,,,,,,,,,,Maumee,,,,2011-04-06 21:46,Eastern,,,,,,,,,,,,,,,,,,HECWL,,,NO,,
431,,,,,32299,A69-9001,,,,,,,walleye,Sander vitreus,,,,,,,,,,,,,,Tittabawassee,,,,2011-04-05 14:00,Eastern,,,,,,,,,,,,,,,,,,HECWL,,,YES,2013-04-28,
432,,,,,32300,A69-9001,,,,,,,walleye,Sander vitreus,,,,,,,,,,,,,,Maumee,,,,2011-04-06 22:40,Eastern,,,,,,,,,,,,,,,,,,HECWL,,,NO,,
433,,,,,32301,A69-9001,,,,,,,walleye,Sander vitreus,,,,,,,,,,,,,,Tittabawassee,,,,2011-04-05 13:49,Eastern,,,,,,,,,,,,,,,,,,HECWL,,,NO,,
434,,,,,32302,A69-9001,,,,,,,walleye,Sander vitreus,,,,,,,,,,,,,,Maumee,,,,2011-04-06 22:20,Eastern,,,,,,,,,,,,,,,,,,HECWL,,,NO,,
435,,,,,32303,A69-9001,,,,,,,walleye,Sander vitreus,,,,,,,,,,,,,,Tittabawassee,,,,2011-04-05 14:22,Eastern,,,,,,,,,,,,,,,,,,HECWL,,,YES,2013-05-07,
436,,,,,32304,A69-9001,,,,,,,walleye,Sander vitreus,,,,,,,,,,,,,,Maumee,,,,2011-04-06 21:45,Eastern,,,,,,,,,,,,,,,,,,HECWL,,,NO,,
437,,,,,32305,A69-9001,,,,,,,walleye,Sander vitreus,,,,,,,,,,,,,,Tittabawassee,,,,2011-04-05 13:52,Eastern,,,,,,,,,,,,,,,,,,HECWL,,,NO,,
438,,,,,32306,A69-9001,,,,,,,walleye,Sander vitreus,,,,,,,,,,,,,,Maumee,,,,2011-04-06 22:37,Eastern,,,,,,,,,,,,,,,,,,HECWL,,,NO,,
439,,,,,32307,A69-9001,,,,,,,walleye,Sander vitreus,,,,,,,,,,,,,,Tittabawassee,,,,2011-04-05 14:01,Eastern,,,,,,,,,,,,,,,,,,HECWL,,,NO,,
440,,,,,32308,A69-9001,,,,,,,walleye,Sander vitreus,,,,,,,,,,,,,,Maumee,,,,2011-04-06 22:38,Eastern,,,,,,,,,,,,,,,,,,HECWL,,,NO,,
441,,,,,32309,A69-9001,,,,,,,walleye,Sander vitreus,,,,,,,,,,,,,,Tittabawassee,,,,2011-04-05 14:09,Eastern,,,,,,,,,,,,,,,,,,HECWL,,,NO,,
442,,,,,32310,A69-9001,,,,,,,walleye,Sander vitreus,,,,,,,,,,,,,,Maumee,,,,2011-04-06 22:21,Eastern,,,,,,,,,,,,,,,,,,HECWL,,,NO,,
443,,,,,32311,A69-9001,,,,,,,walleye,Sander vitreus,,,,,,,,,,,,,,Tittabawassee,,,,2011-04-05 14:10,Eastern,,,,,,,,,,,,,,,,,,HECWL,,,YES,2013-09-15,
445,,,,,32312,A69-9001,,,,,,,walleye,Sander vitreus,,,,,,,,,,,,,,Maumee,,,,2011-04-06 22:38,Eastern,,,,,,,,,,,,,,,,,,HECWL,,,YES,2011-06-08,
444,,,,,32312,A69-9001,,,,,,,walleye,Sander vitreus,,,,,,,,,,,,,,Tittabawassee,,,,2012-03-20 16:00,Eastern,,,,,,,,,,,,,,,,,,HECWL,,,NO,,
446,,,,,32313,A69-9001,,,,,,,walleye,Sander vitreus,,,,,,,,,,,,,,Tittabawassee,,,,2011-04-05 14:11,Eastern,,,,,,,,,,,,,,,,,,HECWL,,,YES,2012-05-01,
448,,,,,32314,A69-9001,,,,,,,walleye,Sander vitreus,,,,,,,,,,,,,,Maumee,,,,2011-04-06 22:37,Eastern,,,,,,,,,,,,,,,,,,HECWL,,,YES,2011-12-01,
447,,,,,32314,A69-9001,,,,,,,walleye,Sander vitreus,,,,,,,,,,,,,,Tittabawassee,,,,2012-03-20 16:00,Eastern,,,,,,,,,,,,,,,,,,HECWL,,,NO,,
449,,,,,32315,A69-9001,,,,,,,walleye,Sander vitreus,,,,,,,,,,,,,,Tittabawassee,,,,2011-04-05 14:21,Eastern,,,,,,,,,,,,,,,,,,HECWL,,,YES,2013-05-01,
450,,,,,32316,A69-9001,,,,,,,walleye,Sander vitreus,,,,,,,,,,,,,,Maumee,,,,2011-04-06 22:20,Eastern,,,,,,,,,,,,,,,,,,HECWL,,,NO,,
451,,,,,32317,A69-9001,,,,,,,walleye,Sander vitreus,,,,,,,,,,,,,,Tittabawassee,,,,2011-04-05 14:26,Eastern,,,,,,,,,,,,,,,,,,HECWL,,,NO,,
452,,,,,32318,A69-9001,,,,,,,walleye,Sander vitreus,,,,,,,,,,,,,,Maumee,,,,2011-04-06 23:10,Eastern,,,,,,,,,,,,,,,,,,HECWL,,,YES,2013-06-30,
454,,,,,32320,A69-9001,,,,,,,walleye,Sander vitreus,,,,,,,,,,,,,,Maumee,,,,2011-04-06 22:55,Eastern,,,,,,,,,,,,,,,,,,HECWL,,,NO,,
455,,,,,32321,A69-9001,,,,,,,walleye,Sander vitreus,,,,,,,,,,,,,,Tittabawassee,,,,2011-04-05 14:44,Eastern,,,,,,,,,,,,,,,,,,HECWL,,,NO,,
456,,,,,32322,A69-9001,,,,,,,walleye,Sander vitreus,,,,,,,,,,,,,,Maumee,,,,2011-04-06 22:55,Eastern,,,,,,,,,,,,,,,,,,HECWL,,,NO,,
457,,,,,32323,A69-9001,,,,,,,walleye,Sander vitreus,,,,,,,,,,,,,,Tittabawassee,,,,2011-04-05 14:27,Eastern,,,,,,,,,,,,,,,,,,HECWL,,,NO,,
458,,,,,32324,A69-9001,,,,,,,walleye,Sander vitreus,,,,,,,,,,,,,,Maumee,,,,2011-04-06 23:16,Eastern,,,,,,,,,,,,,,,,,,HECWL,,,NO,,
459,,,,,32325,A69-9001,,,,,,,walleye,Sander vitreus,,,,,,,,,,,,,,Tittabawassee,,,,2011-04-05 14:29,Eastern,,,,,,,,,,,,,,,,,,HECWL,,,NO,,
460,,,,,32326,A69-9001,,,,,,,walleye,Sander vitreus,,,,,,,,,,,,,,Maumee,,,,2011-04-06 23:10,Eastern,,,,,,,,,,,,,,,,,,HECWL,,,NO,,
462,,,,,32327,A69-9001,,,,,,,walleye,Sander vitreus,,,,,,,,,,,,,,Tittabawassee,,,,2011-04-05 14:31,Eastern,,,,,,,,,,,,,,,,,,HECWL,,,YES,2011-07-03,
461,,,,,32327,A69-9001,,,,,,,walleye,Sander vitreus,,,,,,,,,,,,,,Tittabawassee,,,,2012-03-20 16:00,Eastern,,,,,,,,,,,,,,,,,,HECWL,,,NO,,
463,,,,,32328,A69-9001,,,,,,,walleye,Sander vitreus,,,,,,,,,,,,,,Maumee,,,,2011-04-06 23:10,Eastern,,,,,,,,,,,,,,,,,,HECWL,,,NO,,
464,,,,,32329,A69-9001,,,,,,,walleye,Sander vitreus,,,,,,,,,,,,,,Tittabawassee,,,,2011-04-05 14:36,Eastern,,,,,,,,,,,,,,,,,,HECWL,,,NO,,
466,,,,,32330,A69-9001,,,,,,,walleye,Sander vitreus,,,,,,,,,,,,,,Maumee,,,,2011-04-06 23:16,Eastern,,,,,,,,,,,,,,,,,,HECWL,,,YES,2011-07-07,
465,,,,,32330,A69-9001,,,,,,,walleye,Sander vitreus,,,,,,,,,,,,,,Maumee,,,,2012-03-26 23:30,Eastern,,,,,,,,,,,,,,,,,,HECWL,,,YES,2012-05-17,
533,,,,,32330,A69-9001,,,,,,,walleye,Sander vitreus,,,,,,,,,,,,,,AuGres,,,,2013-04-08 16:00,Eastern,,,,,,,,,,,,,,,,,,HECWL,,,NO,,
467,,,,,32331,A69-9001,,,,,,,walleye,Sander vitreus,,,,,,,,,,,,,,Tittabawassee,,,,2011-04-05 14:41,Eastern,,,,,,,,,,,,,,,,,,HECWL,,,NO,,
468,,,,,32332,A69-9001,,,,,,,walleye,Sander vitreus,,,,,,,,,,,,,,Maumee,,,,2011-04-06 23:32,Eastern,,,,,,,,,,,,,,,,,,HECWL,,,NO,,
469,,,,,32333,A69-9001,,,,,,,walleye,Sander vitreus,,,,,,,,,,,,,,Tittabawassee,,,,2011-04-05 14:50,Eastern,,,,,,,,,,,,,,,,,,HECWL,,,NO,,
470,,,,,32334,A69-9001,,,,,,,walleye,Sander vitreus,,,,,,,,,,,,,,Maumee,,,,2011-04-06 23:10,Eastern,,,,,,,,,,,,,,,,,,HECWL,,,NO,,
471,,,,,32335,A69-9001,,,,,,,walleye,Sander vitreus,,,,,,,,,,,,,,Tittabawassee,,,,2011-04-05 14:51,Eastern,,,,,,,,,,,,,,,,,,HECWL,,,YES,2012-07-01,
522,,,,,32335,A69-9001,,,,,,,walleye,Sander vitreus,,,,,,,,,,,,,,AuGres,,,,2013-04-08 16:00,Eastern,,,,,,,,,,,,,,,,,,HECWL,,,NO,,
472,,,,,32336,A69-9001,,,,,,,walleye,Sander vitreus,,,,,,,,,,,,,,Maumee,,,,2011-04-06 23:30,Eastern,,,,,,,,,,,,,,,,,,HECWL,,,NO,,
473,,,,,32337,A69-9001,,,,,,,walleye,Sander vitreus,,,,,,,,,,,,,,Tittabawassee,,,,2011-04-05 13:56,Eastern,,,,,,,,,,,,,,,,,,HECWL,,,NO,,
474,,,,,32338,A69-9001,,,,,,,walleye,Sander vitreus,,,,,,,,,,,,,,Maumee,,,,2011-04-06 23:30,Eastern,,,,,,,,,,,,,,,,,,HECWL,,,NO,,
476,,,,,32339,A69-9001,,,,,,,walleye,Sander vitreus,,,,,,,,,,,,,,Tittabawassee,,,,2011-04-05 14:52,Eastern,,,,,,,,,,,,,,,,,,HECWL,,,YES,2011-10-16,
475,,,,,32339,A69-9001,,,,,,,walleye,Sander vitreus,,,,,,,,,,,,,,Tittabawassee,,,,2012-03-20 16:00,Eastern,,,,,,,,,,,,,,,,,,HECWL,,,NO,,
477,,,,,32340,A69-9001,,,,,,,walleye,Sander vitreus,,,,,,,,,,,,,,Maumee,,,,2011-04-06 23:30,Eastern,,,,,,,,,,,,,,,,,,HECWL,,,NO,,
478,,,,,32341,A69-9001,,,,,,,walleye,Sander vitreus,,,,,,,,,,,,,,Tittabawassee,,,,2011-04-05 14:48,Eastern,,,,,,,,,,,,,,,,,,HECWL,,,YES,2013-04-30,
480,,,,,32574,A69-9001,,,,,,,walleye,Sander vitreus,,,,,,,,,,,,,,Tittabawassee,,,,2012-03-20 16:00,Eastern,,,,,,,,,,,,,,,,,,HECWL,,,NO,,
481,,,,,32597,A69-9001,,,,,,,walleye,Sander vitreus,,,,,,,,,,,,,,Tittabawassee,,,,2012-03-20 16:00,Eastern,,,,,,,,,,,,,,,,,,HECWL,,,NO,,
482,,,,,32608,A69-9001,,,,,,,walleye,Sander vitreus,,,,,,,,,,,,,,Tittabawassee,,,,2012-03-20 16:00,Eastern,,,,,,,,,,,,,,,,,,HECWL,,,NO,,
483,,,,,32609,A69-9001,,,,,,,walleye,Sander vitreus,,,,,,,,,,,,,,Tittabawassee,,,,2012-03-20 16:00,Eastern,,,,,,,,,,,,,,,,,,HECWL,,,NO,,
484,,,,,32645,A69-9001,,,,,,,walleye,Sander vitreus,,,,,,,,,,,,,,Tittabawassee,,,,2012-03-20 16:00,Eastern,,,,,,,,,,,,,,,,,,HECWL,,,NO,,
485,,,,,32650,A69-9001,,,,,,,walleye,Sander vitreus,,,,,,,,,,,,,,Tittabawassee,,,,2012-03-20 16:00,Eastern,,,,,,,,,,,,,,,,,,HECWL,,,YES,2013-10-30,
486,,,,,32651,A69-9001,,,,,,,walleye,Sander vitreus,,,,,,,,,,,,,,Tittabawassee,,,,2012-03-20 16:00,Eastern,,,,,,,,,,,,,,,,,,HECWL,,,NO,,
487,,,,,32654,A69-9001,,,,,,,walleye,Sander vitreus,,,,,,,,,,,,,,Tittabawassee,,,,2012-03-20 16:00,Eastern,,,,,,,,,,,,,,,,,,HECWL,,,NO,,
488,,,,,32655,A69-9001,,,,,,,walleye,Sander vitreus,,,,,,,,,,,,,,Tittabawassee,,,,2012-03-20 16:00,Eastern,,,,,,,,,,,,,,,,,,HECWL,,,NO,,
489,,,,,32667,A69-9001,,,,,,,walleye,Sander vitreus,,,,,,,,,,,,,,Tittabawassee,,,,2012-03-20 16:00,Eastern,,,,,,,,,,,,,,,,,,HECWL,,,YES,2012-07-10,
490,,,,,32676,A69-9001,,,,,,,walleye,Sander vitreus,,,,,,,,,,,,,,Tittabawassee,,,,2012-03-20 16:00,Eastern,,,,,,,,,,,,,,,,,,HECWL,,,NO,,
491,,,,,32682,A69-9001,,,,,,,walleye,Sander vitreus,,,,,,,,,,,,,,Tittabawassee,,,,2012-03-20 16:00,Eastern,,,,,,,,,,,,,,,,,,HECWL,,,NO,,
492,,,,,32684,A69-9001,,,,,,,walleye,Sander vitreus,,,,,,,,,,,,,,Tittabawassee,,,,2012-03-20 16:00,Eastern,,,,,,,,,,,,,,,,,,HECWL,,,NO,,
493,,,,,32701,A69-9001,,,,,,,walleye,Sander vitreus,,,,,,,,,,,,,,Tittabawassee,,,,2012-03-20 16:00,Eastern,,,,,,,,,,,,,,,,,,HECWL,,,YES,2012-07-31,
494,,,,,32705,A69-9001,,,,,,,walleye,Sander vitreus,,,,,,,,,,,,,,Tittabawassee,,,,2012-03-20 16:00,Eastern,,,,,,,,,,,,,,,,,,HECWL,,,YES,2012-08-26,
497,,,,,32725,A69-9001,,,,,,,walleye,Sander vitreus,,,,,,,,,,,,,,Tittabawassee,,,,2012-03-20 16:00,Eastern,,,,,,,,,,,,,,,,,,HECWL,,,NO,,
498,,,,,32766,A69-9001,,,,,,,walleye,Sander vitreus,,,,,,,,,,,,,,Tittabawassee,,,,2012-03-20 16:00,Eastern,,,,,,,,,,,,,,,,,,HECWL,,,NO,,
